location,coverage,scenario,year,metric,value,low,high
kenya,70,No interventions,2020.0000,asr_cancer_incidence,28.6629,26.9860,29.8433
kenya,70,No interventions,2021.0000,asr_cancer_incidence,29.1176,28.6085,31.0566
kenya,70,No interventions,2022.0000,asr_cancer_incidence,28.3723,27.5049,29.3162
kenya,70,No interventions,2023.0000,asr_cancer_incidence,28.9353,27.6212,30.9941
kenya,70,No interventions,2024.0000,asr_cancer_incidence,28.3398,27.5815,30.2215
kenya,70,No interventions,2025.0000,asr_cancer_incidence,28.5468,27.1733,29.0088
kenya,70,No interventions,2026.0000,asr_cancer_incidence,28.8166,26.8197,30.1981
kenya,70,No interventions,2027.0000,asr_cancer_incidence,28.8866,27.9913,29.4117
kenya,70,No interventions,2028.0000,asr_cancer_incidence,28.2163,26.1128,29.8205
kenya,70,No interventions,2029.0000,asr_cancer_incidence,27.1969,25.0017,28.2520
kenya,70,No interventions,2030.0000,asr_cancer_incidence,27.8773,27.1911,30.0622
kenya,70,No interventions,2031.0000,asr_cancer_incidence,27.9086,27.4471,28.9137
kenya,70,No interventions,2032.0000,asr_cancer_incidence,27.8604,26.9830,28.8000
kenya,70,No interventions,2033.0000,asr_cancer_incidence,28.2504,27.3102,29.4918
kenya,70,No interventions,2034.0000,asr_cancer_incidence,28.2400,27.8458,29.2776
kenya,70,No interventions,2035.0000,asr_cancer_incidence,28.1241,27.4753,29.8529
kenya,70,No interventions,2036.0000,asr_cancer_incidence,27.9658,27.1779,29.8584
kenya,70,No interventions,2037.0000,asr_cancer_incidence,26.8991,26.4483,28.4846
kenya,70,No interventions,2038.0000,asr_cancer_incidence,26.8400,25.5636,29.0377
kenya,70,No interventions,2039.0000,asr_cancer_incidence,28.5889,27.5923,29.5587
kenya,70,No interventions,2040.0000,asr_cancer_incidence,27.2332,26.0594,28.6727
kenya,70,No interventions,2041.0000,asr_cancer_incidence,27.0547,26.3400,29.2428
kenya,70,No interventions,2042.0000,asr_cancer_incidence,28.0106,26.8216,29.5155
kenya,70,No interventions,2043.0000,asr_cancer_incidence,26.7007,25.9529,28.5366
kenya,70,No interventions,2044.0000,asr_cancer_incidence,27.9062,27.0033,28.9626
kenya,70,No interventions,2045.0000,asr_cancer_incidence,27.6371,26.2137,29.2582
kenya,70,No interventions,2046.0000,asr_cancer_incidence,27.2947,26.7718,28.2641
kenya,70,No interventions,2047.0000,asr_cancer_incidence,26.4859,25.5461,28.2881
kenya,70,No interventions,2048.0000,asr_cancer_incidence,27.4764,26.6712,28.5283
kenya,70,No interventions,2049.0000,asr_cancer_incidence,27.7351,27.0531,28.5593
kenya,70,No interventions,2050.0000,asr_cancer_incidence,26.7094,25.9181,28.1740
kenya,70,No interventions,2051.0000,asr_cancer_incidence,27.3133,26.2776,28.5937
kenya,70,No interventions,2052.0000,asr_cancer_incidence,27.8638,26.0295,28.9214
kenya,70,No interventions,2053.0000,asr_cancer_incidence,27.5267,26.5908,28.3580
kenya,70,No interventions,2054.0000,asr_cancer_incidence,27.6582,25.7563,28.0037
kenya,70,No interventions,2055.0000,asr_cancer_incidence,27.3351,26.6299,28.1748
kenya,70,No interventions,2056.0000,asr_cancer_incidence,26.8441,26.1850,27.1027
kenya,70,No interventions,2057.0000,asr_cancer_incidence,27.3040,26.2681,28.0536
kenya,70,No interventions,2058.0000,asr_cancer_incidence,26.7831,25.9646,27.4614
kenya,70,No interventions,2059.0000,asr_cancer_incidence,27.0124,26.1273,27.8475
kenya,70,No interventions,2060.0000,asr_cancer_incidence,27.1243,26.3473,27.5620
kenya,70,No interventions,2061.0000,asr_cancer_incidence,26.6114,26.1393,26.6874
kenya,70,No interventions,2062.0000,asr_cancer_incidence,27.1210,26.5525,27.8726
kenya,70,No interventions,2063.0000,asr_cancer_incidence,27.0449,26.3621,27.2788
kenya,70,No interventions,2064.0000,asr_cancer_incidence,26.4591,25.6064,26.8517
kenya,70,No interventions,2065.0000,asr_cancer_incidence,26.2746,25.9017,26.8869
kenya,70,No interventions,2066.0000,asr_cancer_incidence,26.3106,25.4621,26.9475
kenya,70,No interventions,2067.0000,asr_cancer_incidence,26.2317,25.8647,27.0624
kenya,70,No interventions,2068.0000,asr_cancer_incidence,26.0115,25.6174,26.3736
kenya,70,No interventions,2069.0000,asr_cancer_incidence,26.5852,25.9600,27.1566
kenya,70,No interventions,2070.0000,asr_cancer_incidence,26.2922,25.7795,26.5071
kenya,70,No interventions,2071.0000,asr_cancer_incidence,25.5510,25.2147,26.6260
kenya,70,No interventions,2072.0000,asr_cancer_incidence,26.0021,25.0034,26.6985
kenya,70,No interventions,2073.0000,asr_cancer_incidence,25.8234,25.2705,26.3330
kenya,70,No interventions,2074.0000,asr_cancer_incidence,25.5355,24.8472,26.3199
kenya,70,No interventions,2075.0000,asr_cancer_incidence,25.8073,24.7569,26.2103
kenya,70,No interventions,2076.0000,asr_cancer_incidence,25.5340,24.9387,26.0763
kenya,70,No interventions,2077.0000,asr_cancer_incidence,24.8632,24.5054,26.1213
kenya,70,No interventions,2078.0000,asr_cancer_incidence,25.1609,25.0162,25.4421
kenya,70,No interventions,2079.0000,asr_cancer_incidence,25.3076,24.8149,26.2248
kenya,70,No interventions,2080.0000,asr_cancer_incidence,24.9600,24.4536,26.4165
kenya,70,No interventions,2081.0000,asr_cancer_incidence,25.0683,24.4445,25.8147
kenya,70,No interventions,2082.0000,asr_cancer_incidence,24.8783,23.9936,26.0476
kenya,70,No interventions,2083.0000,asr_cancer_incidence,24.9912,24.2360,25.2480
kenya,70,No interventions,2084.0000,asr_cancer_incidence,24.8094,24.0259,26.1038
kenya,70,No interventions,2085.0000,asr_cancer_incidence,25.1261,24.8986,25.5804
kenya,70,No interventions,2086.0000,asr_cancer_incidence,24.7374,23.2980,25.3999
kenya,70,No interventions,2087.0000,asr_cancer_incidence,24.9025,23.4508,25.4089
kenya,70,No interventions,2088.0000,asr_cancer_incidence,24.9497,24.1005,25.4970
kenya,70,No interventions,2089.0000,asr_cancer_incidence,24.6466,24.1470,25.8171
kenya,70,No interventions,2090.0000,asr_cancer_incidence,23.8482,23.3634,25.0617
kenya,70,No interventions,2091.0000,asr_cancer_incidence,24.4834,23.8164,24.6687
kenya,70,No interventions,2092.0000,asr_cancer_incidence,24.5162,23.5173,24.9308
kenya,70,No interventions,2093.0000,asr_cancer_incidence,23.5644,23.4388,24.2765
kenya,70,No interventions,2094.0000,asr_cancer_incidence,24.4999,23.1675,24.9058
kenya,70,No interventions,2095.0000,asr_cancer_incidence,24.4654,23.8223,25.1785
kenya,70,No interventions,2096.0000,asr_cancer_incidence,24.0589,23.3251,24.6142
kenya,70,No interventions,2097.0000,asr_cancer_incidence,24.2841,23.5277,24.7752
kenya,70,No interventions,2098.0000,asr_cancer_incidence,24.4719,23.3007,25.0602
kenya,70,No interventions,2099.0000,asr_cancer_incidence,24.0563,23.4282,24.9968
kenya,70,No interventions,2100.0000,asr_cancer_incidence,23.8511,23.6116,24.9420
kenya,70,No interventions,2020.0000,cancers,4759.1627,4608.0781,4914.0242
kenya,70,No interventions,2021.0000,cancers,5087.7714,5008.4523,5321.9525
kenya,70,No interventions,2022.0000,cancers,5046.2233,4849.8134,5363.5007
kenya,70,No interventions,2023.0000,cancers,5340.8380,5000.8980,5775.2062
kenya,70,No interventions,2024.0000,cancers,5352.1693,5246.4103,5865.8567
kenya,70,No interventions,2025.0000,cancers,5586.3504,5352.1694,5763.8748
kenya,70,No interventions,2026.0000,cancers,5930.0676,5510.8081,6164.2487
kenya,70,No interventions,2027.0000,cancers,6069.8210,5843.1944,6217.1284
kenya,70,No interventions,2028.0000,cancers,6130.2547,5654.3384,6432.4239
kenya,70,No interventions,2029.0000,cancers,6100.0378,5533.4708,6360.6586
kenya,70,No interventions,2030.0000,cancers,6455.0865,6292.6707,7017.8762
kenya,70,No interventions,2031.0000,cancers,6677.9362,6507.9659,6980.1052
kenya,70,No interventions,2032.0000,cancers,6844.1293,6568.4003,7066.9787
kenya,70,No interventions,2033.0000,cancers,7161.4070,6953.6656,7399.3647
kenya,70,No interventions,2034.0000,cancers,7369.1479,7157.6296,7667.5400
kenya,70,No interventions,2035.0000,cancers,7497.5695,7357.8168,8022.5884
kenya,70,No interventions,2036.0000,cancers,7739.3046,7399.3647,8249.2155
kenya,70,No interventions,2037.0000,cancers,7622.2144,7584.4436,8203.8901
kenya,70,No interventions,2038.0000,cancers,7947.0458,7524.0096,8524.9445
kenya,70,No interventions,2039.0000,cancers,8653.3660,8264.3237,9031.0775
kenya,70,No interventions,2040.0000,cancers,8460.7333,8101.9081,8951.7583
kenya,70,No interventions,2041.0000,cancers,8649.5891,8426.7393,9212.3791
kenya,70,No interventions,2042.0000,cancers,9227.4876,8808.2278,9726.0662
kenya,70,No interventions,2043.0000,cancers,9068.8485,8793.1190,9552.3192
kenya,70,No interventions,2044.0000,cancers,9714.7351,9340.8007,9967.8016
kenya,70,No interventions,2045.0000,cancers,9771.3917,9337.0232,10315.2961
kenya,70,No interventions,2046.0000,cancers,9990.4644,9737.3979,10232.1996
kenya,70,No interventions,2047.0000,cancers,9828.0481,9552.3191,10549.4771
kenya,70,No interventions,2048.0000,cancers,10432.3864,10156.6572,10889.4172
kenya,70,No interventions,2049.0000,cancers,10810.0980,10643.9052,11150.0381
kenya,70,No interventions,2050.0000,cancers,10723.2244,10356.8441,11218.0260
kenya,70,No interventions,2051.0000,cancers,11165.1472,10723.2245,11591.9604
kenya,70,No interventions,2052.0000,cancers,11588.1837,10889.4178,12003.6663
kenya,70,No interventions,2053.0000,cancers,11614.6234,11312.4541,11969.6722
kenya,70,No interventions,2054.0000,cancers,11984.7803,11161.3701,12082.9855
kenya,70,No interventions,2055.0000,cancers,12135.8650,11773.2626,12381.3770
kenya,70,No interventions,2056.0000,cancers,12094.3165,11780.8160,12150.9733
kenya,70,No interventions,2057.0000,cancers,12487.1364,11992.3350,12925.2817
kenya,70,No interventions,2058.0000,cancers,12479.5828,12086.7623,12751.5343
kenya,70,No interventions,2059.0000,cancers,12819.5229,12317.1665,13193.4569
kenya,70,No interventions,2060.0000,cancers,13065.0347,12702.4323,13280.3304
kenya,70,No interventions,2061.0000,cancers,12970.6071,12793.0826,13049.9265
kenya,70,No interventions,2062.0000,cancers,13510.7341,13250.1135,13850.6746
kenya,70,No interventions,2063.0000,cancers,13661.8186,13333.2103,13778.9095
kenya,70,No interventions,2064.0000,cancers,13601.3851,13163.2402,13797.7953
kenya,70,No interventions,2065.0000,cancers,13658.0416,13431.4150,13956.4338
kenya,70,No interventions,2066.0000,cancers,13933.7712,13420.0839,14183.0601
kenya,70,No interventions,2067.0000,cancers,14047.0839,13850.6748,14485.2294
kenya,70,No interventions,2068.0000,cancers,14092.4093,13839.3436,14315.2595
kenya,70,No interventions,2069.0000,cancers,14632.5367,14247.2714,14855.3868
kenya,70,No interventions,2070.0000,cancers,14572.1028,14300.1512,14655.1998
kenya,70,No interventions,2071.0000,cancers,14402.1327,14171.7291,14942.2600
kenya,70,No interventions,2072.0000,cancers,14772.2903,14273.7113,15082.0134
kenya,70,No interventions,2073.0000,cancers,14844.0552,14560.7720,15134.8929
kenya,70,No interventions,2074.0000,cancers,14760.9589,14455.0123,15285.9778
kenya,70,No interventions,2075.0000,cancers,15191.5496,14564.5487,15433.2848
kenya,70,No interventions,2076.0000,cancers,15119.7844,14817.6156,15403.0680
kenya,70,No interventions,2077.0000,cancers,14798.7302,14723.1879,15705.2369
kenya,70,No interventions,2078.0000,cancers,15199.1038,15127.3387,15342.6338
kenya,70,No interventions,2079.0000,cancers,15403.0673,15244.4294,15799.6646
kenya,70,No interventions,2080.0000,cancers,15274.6459,15112.2299,16226.4784
kenya,70,No interventions,2081.0000,cancers,15535.2668,15183.9954,15935.6406
kenya,70,No interventions,2082.0000,cancers,15501.2727,14949.8142,16271.8032
kenya,70,No interventions,2083.0000,cancers,15618.3635,15293.5315,15852.5441
kenya,70,No interventions,2084.0000,cancers,15697.6825,15191.5492,16471.9910
kenya,70,No interventions,2085.0000,cancers,16056.5079,15882.7607,16286.9127
kenya,70,No interventions,2086.0000,cancers,15954.5259,15078.2365,16271.8038
kenya,70,No interventions,2087.0000,cancers,16037.6223,15289.7548,16324.6831
kenya,70,No interventions,2088.0000,cancers,16143.3820,15686.3508,16573.9728
kenya,70,No interventions,2089.0000,cancers,16166.0441,15882.7609,16793.0446
kenya,70,No interventions,2090.0000,cancers,15739.2308,15335.0802,16453.1047
kenya,70,No interventions,2091.0000,cancers,16105.6105,15777.0022,16328.4600
kenya,70,No interventions,2092.0000,cancers,16173.5990,15731.6760,16487.0986
kenya,70,No interventions,2093.0000,cancers,15799.6646,15637.2483,16302.0200
kenya,70,No interventions,2094.0000,cancers,16354.9005,15659.9109,16683.5087
kenya,70,No interventions,2095.0000,cancers,16645.7382,15939.4176,16955.4611
kenya,70,No interventions,2096.0000,cancers,16411.5564,15746.7850,16657.0692
kenya,70,No interventions,2097.0000,cancers,16388.8939,16139.6042,16725.0573
kenya,70,No interventions,2098.0000,cancers,16751.4967,15980.9656,17159.4249
kenya,70,No interventions,2099.0000,cancers,16437.9971,16101.8341,16981.9011
kenya,70,No interventions,2100.0000,cancers,16218.9246,16139.6044,17189.6418
kenya,70,Routine vax only,2020.0000,asr_cancer_incidence,28.4240,26.6972,29.3128
kenya,70,Routine vax only,2021.0000,asr_cancer_incidence,28.7805,27.6268,30.4168
kenya,70,Routine vax only,2022.0000,asr_cancer_incidence,27.3427,26.2510,28.5726
kenya,70,Routine vax only,2023.0000,asr_cancer_incidence,27.6316,26.6271,28.9644
kenya,70,Routine vax only,2024.0000,asr_cancer_incidence,26.4935,24.7346,28.0805
kenya,70,Routine vax only,2025.0000,asr_cancer_incidence,25.9740,24.9813,26.4494
kenya,70,Routine vax only,2026.0000,asr_cancer_incidence,26.0876,23.9582,27.2786
kenya,70,Routine vax only,2027.0000,asr_cancer_incidence,25.8309,25.4269,26.8746
kenya,70,Routine vax only,2028.0000,asr_cancer_incidence,25.2916,23.7071,26.6147
kenya,70,Routine vax only,2029.0000,asr_cancer_incidence,24.0998,23.0702,25.0288
kenya,70,Routine vax only,2030.0000,asr_cancer_incidence,24.8424,23.5151,25.6667
kenya,70,Routine vax only,2031.0000,asr_cancer_incidence,23.8025,23.3295,25.2218
kenya,70,Routine vax only,2032.0000,asr_cancer_incidence,24.6346,23.4613,25.5818
kenya,70,Routine vax only,2033.0000,asr_cancer_incidence,23.4374,22.6406,24.6124
kenya,70,Routine vax only,2034.0000,asr_cancer_incidence,23.9556,23.6203,24.4121
kenya,70,Routine vax only,2035.0000,asr_cancer_incidence,23.6944,22.5103,24.9379
kenya,70,Routine vax only,2036.0000,asr_cancer_incidence,24.3286,22.8765,25.2656
kenya,70,Routine vax only,2037.0000,asr_cancer_incidence,23.0745,22.3608,23.3693
kenya,70,Routine vax only,2038.0000,asr_cancer_incidence,23.2777,21.8890,23.5442
kenya,70,Routine vax only,2039.0000,asr_cancer_incidence,22.5869,21.9851,23.9469
kenya,70,Routine vax only,2040.0000,asr_cancer_incidence,22.3104,21.6738,23.2910
kenya,70,Routine vax only,2041.0000,asr_cancer_incidence,21.6995,21.4546,22.7635
kenya,70,Routine vax only,2042.0000,asr_cancer_incidence,21.7950,21.2907,22.7428
kenya,70,Routine vax only,2043.0000,asr_cancer_incidence,20.5366,20.2385,22.6426
kenya,70,Routine vax only,2044.0000,asr_cancer_incidence,20.1106,19.6541,20.6670
kenya,70,Routine vax only,2045.0000,asr_cancer_incidence,20.0630,19.4094,21.1395
kenya,70,Routine vax only,2046.0000,asr_cancer_incidence,19.7375,19.2841,20.4752
kenya,70,Routine vax only,2047.0000,asr_cancer_incidence,19.2090,18.2653,20.2721
kenya,70,Routine vax only,2048.0000,asr_cancer_incidence,18.8437,17.6125,19.8473
kenya,70,Routine vax only,2049.0000,asr_cancer_incidence,18.2992,17.6344,18.9177
kenya,70,Routine vax only,2050.0000,asr_cancer_incidence,17.8834,17.2724,18.3445
kenya,70,Routine vax only,2051.0000,asr_cancer_incidence,16.6178,16.1822,17.3537
kenya,70,Routine vax only,2052.0000,asr_cancer_incidence,16.4271,15.6508,16.9845
kenya,70,Routine vax only,2053.0000,asr_cancer_incidence,15.3876,14.8683,16.1557
kenya,70,Routine vax only,2054.0000,asr_cancer_incidence,14.8772,14.2778,15.9996
kenya,70,Routine vax only,2055.0000,asr_cancer_incidence,14.2952,13.9461,14.9143
kenya,70,Routine vax only,2056.0000,asr_cancer_incidence,14.0406,13.6090,14.4901
kenya,70,Routine vax only,2057.0000,asr_cancer_incidence,13.1876,12.6420,13.6510
kenya,70,Routine vax only,2058.0000,asr_cancer_incidence,12.1482,11.8045,12.4865
kenya,70,Routine vax only,2059.0000,asr_cancer_incidence,12.4908,12.4480,12.8486
kenya,70,Routine vax only,2060.0000,asr_cancer_incidence,11.8601,11.5514,12.1979
kenya,70,Routine vax only,2061.0000,asr_cancer_incidence,10.9954,10.8334,11.2900
kenya,70,Routine vax only,2062.0000,asr_cancer_incidence,10.6038,10.0749,11.1314
kenya,70,Routine vax only,2063.0000,asr_cancer_incidence,10.3246,9.9134,10.6671
kenya,70,Routine vax only,2064.0000,asr_cancer_incidence,9.5744,9.0594,9.7013
kenya,70,Routine vax only,2065.0000,asr_cancer_incidence,8.8659,8.2479,9.2540
kenya,70,Routine vax only,2066.0000,asr_cancer_incidence,8.2650,8.0546,8.5123
kenya,70,Routine vax only,2067.0000,asr_cancer_incidence,7.8667,7.6497,8.4367
kenya,70,Routine vax only,2068.0000,asr_cancer_incidence,7.6091,7.1822,8.2397
kenya,70,Routine vax only,2069.0000,asr_cancer_incidence,6.8468,6.6861,7.1043
kenya,70,Routine vax only,2070.0000,asr_cancer_incidence,6.4673,6.2990,6.6644
kenya,70,Routine vax only,2071.0000,asr_cancer_incidence,6.0925,5.9206,6.4490
kenya,70,Routine vax only,2072.0000,asr_cancer_incidence,5.9454,5.7884,6.1836
kenya,70,Routine vax only,2073.0000,asr_cancer_incidence,5.4994,5.1582,5.7440
kenya,70,Routine vax only,2074.0000,asr_cancer_incidence,5.0547,4.8172,5.4181
kenya,70,Routine vax only,2075.0000,asr_cancer_incidence,4.9161,4.5861,5.0884
kenya,70,Routine vax only,2076.0000,asr_cancer_incidence,4.5363,4.4525,4.9449
kenya,70,Routine vax only,2077.0000,asr_cancer_incidence,4.3534,4.1314,4.4663
kenya,70,Routine vax only,2078.0000,asr_cancer_incidence,3.9773,3.9424,4.0477
kenya,70,Routine vax only,2079.0000,asr_cancer_incidence,3.7899,3.6686,4.2453
kenya,70,Routine vax only,2080.0000,asr_cancer_incidence,3.6618,3.5732,3.8374
kenya,70,Routine vax only,2081.0000,asr_cancer_incidence,3.4651,3.4251,3.5877
kenya,70,Routine vax only,2082.0000,asr_cancer_incidence,3.2237,3.0479,3.3722
kenya,70,Routine vax only,2083.0000,asr_cancer_incidence,3.2235,3.0461,3.4004
kenya,70,Routine vax only,2084.0000,asr_cancer_incidence,3.0491,2.8952,3.2088
kenya,70,Routine vax only,2085.0000,asr_cancer_incidence,3.1307,2.9853,3.2349
kenya,70,Routine vax only,2086.0000,asr_cancer_incidence,2.8362,2.4633,2.9844
kenya,70,Routine vax only,2087.0000,asr_cancer_incidence,2.7806,2.5851,3.1171
kenya,70,Routine vax only,2088.0000,asr_cancer_incidence,2.7456,2.5328,2.9651
kenya,70,Routine vax only,2089.0000,asr_cancer_incidence,2.5312,2.3997,2.7012
kenya,70,Routine vax only,2090.0000,asr_cancer_incidence,2.4467,2.3153,2.7435
kenya,70,Routine vax only,2091.0000,asr_cancer_incidence,2.7552,2.5244,2.8224
kenya,70,Routine vax only,2092.0000,asr_cancer_incidence,2.5819,2.4140,2.7105
kenya,70,Routine vax only,2093.0000,asr_cancer_incidence,2.4749,2.3277,2.6904
kenya,70,Routine vax only,2094.0000,asr_cancer_incidence,2.5366,2.4163,2.6484
kenya,70,Routine vax only,2095.0000,asr_cancer_incidence,2.4184,2.2216,2.5548
kenya,70,Routine vax only,2096.0000,asr_cancer_incidence,2.3812,2.2579,2.7061
kenya,70,Routine vax only,2097.0000,asr_cancer_incidence,2.3740,2.2254,2.5555
kenya,70,Routine vax only,2098.0000,asr_cancer_incidence,2.3610,2.1806,2.6541
kenya,70,Routine vax only,2099.0000,asr_cancer_incidence,2.3534,2.1953,2.5324
kenya,70,Routine vax only,2100.0000,asr_cancer_incidence,2.3308,2.2304,2.4843
kenya,70,Routine vax only,2020.0000,cancers,4679.8433,4551.4215,4846.0364
kenya,70,Routine vax only,2021.0000,cancers,5027.3376,4812.0422,5193.5305
kenya,70,Routine vax only,2022.0000,cancers,4846.0364,4611.8554,5144.4282
kenya,70,Routine vax only,2023.0000,cancers,5068.8858,4819.5966,5337.0610
kenya,70,Routine vax only,2024.0000,cancers,4940.4641,4698.7288,5389.9402
kenya,70,Routine vax only,2025.0000,cancers,5027.3375,4883.8074,5189.7537
kenya,70,Routine vax only,2026.0000,cancers,5321.9525,4883.8072,5465.4829
kenya,70,Routine vax only,2027.0000,cancers,5431.4888,5272.8502,5590.1275
kenya,70,Routine vax only,2028.0000,cancers,5431.4886,5065.1088,5737.4350
kenya,70,Routine vax only,2029.0000,cancers,5382.3865,5061.3319,5582.5731
kenya,70,Routine vax only,2030.0000,cancers,5710.9953,5389.9405,5903.6279
kenya,70,Routine vax only,2031.0000,cancers,5643.0072,5488.1456,5960.2846
kenya,70,Routine vax only,2032.0000,cancers,6050.9355,5729.8807,6292.6708
kenya,70,Routine vax only,2033.0000,cancers,5941.3992,5718.5493,6209.5740
kenya,70,Routine vax only,2034.0000,cancers,6141.5865,6100.0380,6266.2307
kenya,70,Routine vax only,2035.0000,cancers,6239.7910,5986.7247,6617.5023
kenya,70,Routine vax only,2036.0000,cancers,6704.3759,6236.0139,6919.6713
kenya,70,Routine vax only,2037.0000,cancers,6560.8457,6319.1104,6659.0505
kenya,70,Routine vax only,2038.0000,cancers,6836.5750,6413.5381,6964.9967
kenya,70,Routine vax only,2039.0000,cancers,6810.1352,6579.7315,7157.6295
kenya,70,Routine vax only,2040.0000,cancers,6829.0206,6730.8159,7184.0695
kenya,70,Routine vax only,2041.0000,cancers,6859.2374,6727.0384,7195.4005
kenya,70,Routine vax only,2042.0000,cancers,7082.0873,6870.5690,7316.2683
kenya,70,Routine vax only,2043.0000,cancers,6874.3461,6674.1592,7467.3528
kenya,70,Routine vax only,2044.0000,cancers,6829.0207,6685.4905,7044.3161
kenya,70,Routine vax only,2045.0000,cancers,6927.2258,6711.9302,7308.7144
kenya,70,Routine vax only,2046.0000,cancers,7014.0997,6798.8040,7289.8284
kenya,70,Routine vax only,2047.0000,cancers,6946.1115,6613.7251,7350.2625
kenya,70,Routine vax only,2048.0000,cancers,6938.5574,6523.0746,7369.1479
kenya,70,Routine vax only,2049.0000,cancers,6885.6777,6655.2739,7097.1956
kenya,70,Routine vax only,2050.0000,cancers,6881.9006,6659.0511,7059.4244
kenya,70,Routine vax only,2051.0000,cancers,6587.2855,6368.2129,6874.3459
kenya,70,Routine vax only,2052.0000,cancers,6628.8337,6243.5679,6866.7919
kenya,70,Routine vax only,2053.0000,cancers,6296.4479,6069.8210,6598.6170
kenya,70,Routine vax only,2054.0000,cancers,6270.0081,5990.5018,6715.7073
kenya,70,Routine vax only,2055.0000,cancers,6137.8090,6039.6043,6409.7611
kenya,70,Routine vax only,2056.0000,cancers,6209.5740,5986.7246,6375.7673
kenya,70,Routine vax only,2057.0000,cancers,5956.5074,5707.2179,6145.3631
kenya,70,Routine vax only,2058.0000,cancers,5643.0068,5480.5915,5782.7601
kenya,70,Routine vax only,2059.0000,cancers,5911.1822,5892.2968,6077.3749
kenya,70,Routine vax only,2060.0000,cancers,5752.5435,5624.1216,5945.1761
kenya,70,Routine vax only,2061.0000,cancers,5461.7056,5378.6092,5616.5673
kenya,70,Routine vax only,2062.0000,cancers,5435.2657,5155.7596,5692.1098
kenya,70,Routine vax only,2063.0000,cancers,5393.7178,5212.4162,5624.1218
kenya,70,Routine vax only,2064.0000,cancers,5185.9764,4898.9162,5227.5247
kenya,70,Routine vax only,2065.0000,cancers,4906.4701,4562.7531,5136.8740
kenya,70,Routine vax only,2066.0000,cancers,4668.5123,4570.3074,4838.4821
kenya,70,Routine vax only,2067.0000,cancers,4619.4097,4445.6626,4895.1389
kenya,70,Routine vax only,2068.0000,cancers,4540.0905,4294.5782,4932.9102
kenya,70,Routine vax only,2069.0000,cancers,4196.3730,4094.3910,4351.2347
kenya,70,Routine vax only,2070.0000,cancers,4064.1742,3924.4209,4185.0418
kenya,70,Routine vax only,2071.0000,cancers,3920.6440,3803.5533,4124.6079
kenya,70,Routine vax only,2072.0000,cancers,3901.7583,3803.5533,4060.3971
kenya,70,Routine vax only,2073.0000,cancers,3728.0111,3490.0529,3905.5355
kenya,70,Routine vax only,2074.0000,cancers,3508.9384,3323.8599,3777.1135
kenya,70,Routine vax only,2075.0000,cancers,3497.6072,3320.0829,3580.7036
kenya,70,Routine vax only,2076.0000,cancers,3312.5285,3255.8718,3592.0349
kenya,70,Routine vax only,2077.0000,cancers,3236.9862,3142.5585,3316.3057
kenya,70,Routine vax only,2078.0000,cancers,3074.5704,3021.6909,3104.7873
kenya,70,Routine vax only,2079.0000,cancers,2980.1426,2866.8292,3320.0829
kenya,70,Routine vax only,2080.0000,cancers,2923.4859,2855.4978,3101.0102
kenya,70,Routine vax only,2081.0000,cancers,2840.3893,2810.1725,2912.1545
kenya,70,Routine vax only,2082.0000,cancers,2655.3108,2489.1177,2829.0581
kenya,70,Routine vax only,2083.0000,cancers,2617.5396,2508.0033,2825.2809
kenya,70,Routine vax only,2084.0000,cancers,2541.9974,2402.2442,2704.4133
kenya,70,Routine vax only,2085.0000,cancers,2643.9794,2594.8770,2730.8530
kenya,70,Routine vax only,2086.0000,cancers,2406.0212,2141.6234,2496.6719
kenya,70,Routine vax only,2087.0000,cancers,2424.9069,2247.3825,2625.0938
kenya,70,Routine vax only,2088.0000,cancers,2315.3705,2164.2860,2504.2262
kenya,70,Routine vax only,2089.0000,cancers,2171.8402,2039.6413,2322.9248
kenya,70,Routine vax only,2090.0000,cancers,2100.0751,1986.7617,2296.4849
kenya,70,Routine vax only,2091.0000,cancers,2319.1475,2149.1775,2394.6898
kenya,70,Routine vax only,2092.0000,cancers,2145.4003,2028.3099,2292.7078
kenya,70,Routine vax only,2093.0000,cancers,2100.0750,2005.6471,2217.1655
kenya,70,Routine vax only,2094.0000,cancers,2141.6233,2028.3098,2232.2739
kenya,70,Routine vax only,2095.0000,cancers,2054.7496,1941.4363,2152.9544
kenya,70,Routine vax only,2096.0000,cancers,2054.7496,1918.7736,2281.3762
kenya,70,Routine vax only,2097.0000,cancers,2001.8700,1911.2193,2126.5147
kenya,70,Routine vax only,2098.0000,cancers,2013.2014,1831.8999,2247.3822
kenya,70,Routine vax only,2099.0000,cancers,1975.4302,1877.2253,2100.0748
kenya,70,Routine vax only,2100.0000,cancers,1979.2073,1850.7855,2107.6291
kenya,70,Catch-up to 30,2020.0000,asr_cancer_incidence,28.4240,26.6972,29.3128
kenya,70,Catch-up to 30,2021.0000,asr_cancer_incidence,28.7805,27.6268,30.4168
kenya,70,Catch-up to 30,2022.0000,asr_cancer_incidence,27.3427,26.2510,28.5726
kenya,70,Catch-up to 30,2023.0000,asr_cancer_incidence,27.6316,26.6271,28.9644
kenya,70,Catch-up to 30,2024.0000,asr_cancer_incidence,26.4935,24.7346,28.0805
kenya,70,Catch-up to 30,2025.0000,asr_cancer_incidence,25.9740,24.9813,26.4494
kenya,70,Catch-up to 30,2026.0000,asr_cancer_incidence,26.1170,23.9742,27.3620
kenya,70,Catch-up to 30,2027.0000,asr_cancer_incidence,25.6828,25.5144,26.5688
kenya,70,Catch-up to 30,2028.0000,asr_cancer_incidence,25.4970,24.0921,26.6098
kenya,70,Catch-up to 30,2029.0000,asr_cancer_incidence,24.1182,23.4005,24.9649
kenya,70,Catch-up to 30,2030.0000,asr_cancer_incidence,24.8498,23.4739,25.3210
kenya,70,Catch-up to 30,2031.0000,asr_cancer_incidence,23.3586,22.5727,24.3550
kenya,70,Catch-up to 30,2032.0000,asr_cancer_incidence,24.0839,23.0843,25.0749
kenya,70,Catch-up to 30,2033.0000,asr_cancer_incidence,22.4343,22.0877,24.0550
kenya,70,Catch-up to 30,2034.0000,asr_cancer_incidence,22.6998,22.5204,23.1040
kenya,70,Catch-up to 30,2035.0000,asr_cancer_incidence,22.2128,21.2909,23.4982
kenya,70,Catch-up to 30,2036.0000,asr_cancer_incidence,22.2484,21.4571,23.2263
kenya,70,Catch-up to 30,2037.0000,asr_cancer_incidence,21.4866,20.4126,22.2154
kenya,70,Catch-up to 30,2038.0000,asr_cancer_incidence,20.0848,18.8841,20.3859
kenya,70,Catch-up to 30,2039.0000,asr_cancer_incidence,19.3732,18.7846,20.4078
kenya,70,Catch-up to 30,2040.0000,asr_cancer_incidence,18.6218,17.7306,19.2994
kenya,70,Catch-up to 30,2041.0000,asr_cancer_incidence,18.4798,17.9200,18.8694
kenya,70,Catch-up to 30,2042.0000,asr_cancer_incidence,17.1830,16.9866,18.1819
kenya,70,Catch-up to 30,2043.0000,asr_cancer_incidence,16.3273,15.2459,17.8144
kenya,70,Catch-up to 30,2044.0000,asr_cancer_incidence,14.9790,14.6159,15.6852
kenya,70,Catch-up to 30,2045.0000,asr_cancer_incidence,15.0986,14.6121,15.2943
kenya,70,Catch-up to 30,2046.0000,asr_cancer_incidence,14.4705,13.5545,15.2400
kenya,70,Catch-up to 30,2047.0000,asr_cancer_incidence,13.0447,12.3638,14.1799
kenya,70,Catch-up to 30,2048.0000,asr_cancer_incidence,13.1464,11.5731,13.7726
kenya,70,Catch-up to 30,2049.0000,asr_cancer_incidence,12.3238,12.1459,12.9403
kenya,70,Catch-up to 30,2050.0000,asr_cancer_incidence,11.4384,11.1242,12.2908
kenya,70,Catch-up to 30,2051.0000,asr_cancer_incidence,10.8835,10.5049,11.6694
kenya,70,Catch-up to 30,2052.0000,asr_cancer_incidence,10.1414,9.4296,10.5508
kenya,70,Catch-up to 30,2053.0000,asr_cancer_incidence,9.5863,9.2896,10.3658
kenya,70,Catch-up to 30,2054.0000,asr_cancer_incidence,8.7670,8.6708,9.5353
kenya,70,Catch-up to 30,2055.0000,asr_cancer_incidence,8.4023,8.0820,8.9319
kenya,70,Catch-up to 30,2056.0000,asr_cancer_incidence,7.9609,7.8143,8.2686
kenya,70,Catch-up to 30,2057.0000,asr_cancer_incidence,7.3790,7.1674,7.6828
kenya,70,Catch-up to 30,2058.0000,asr_cancer_incidence,6.8546,6.4305,7.7495
kenya,70,Catch-up to 30,2059.0000,asr_cancer_incidence,6.3778,6.1400,6.9630
kenya,70,Catch-up to 30,2060.0000,asr_cancer_incidence,6.2260,5.9476,6.3512
kenya,70,Catch-up to 30,2061.0000,asr_cancer_incidence,5.3925,5.0981,5.7410
kenya,70,Catch-up to 30,2062.0000,asr_cancer_incidence,5.5480,5.2679,5.8416
kenya,70,Catch-up to 30,2063.0000,asr_cancer_incidence,5.0973,5.0328,5.2763
kenya,70,Catch-up to 30,2064.0000,asr_cancer_incidence,4.8412,4.5143,5.0907
kenya,70,Catch-up to 30,2065.0000,asr_cancer_incidence,4.6412,4.4795,4.8640
kenya,70,Catch-up to 30,2066.0000,asr_cancer_incidence,4.1423,3.9280,4.3906
kenya,70,Catch-up to 30,2067.0000,asr_cancer_incidence,4.0059,3.7162,4.4444
kenya,70,Catch-up to 30,2068.0000,asr_cancer_incidence,3.7012,3.4937,3.9901
kenya,70,Catch-up to 30,2069.0000,asr_cancer_incidence,3.4990,3.4417,3.7156
kenya,70,Catch-up to 30,2070.0000,asr_cancer_incidence,3.4797,3.2459,4.0806
kenya,70,Catch-up to 30,2071.0000,asr_cancer_incidence,3.2729,3.0391,3.5151
kenya,70,Catch-up to 30,2072.0000,asr_cancer_incidence,3.0609,2.8070,3.4543
kenya,70,Catch-up to 30,2073.0000,asr_cancer_incidence,3.0526,2.8553,3.4418
kenya,70,Catch-up to 30,2074.0000,asr_cancer_incidence,2.8573,2.7061,3.0892
kenya,70,Catch-up to 30,2075.0000,asr_cancer_incidence,2.8834,2.5629,3.1445
kenya,70,Catch-up to 30,2076.0000,asr_cancer_incidence,2.6756,2.4754,2.9645
kenya,70,Catch-up to 30,2077.0000,asr_cancer_incidence,2.8377,2.7621,2.9097
kenya,70,Catch-up to 30,2078.0000,asr_cancer_incidence,2.8286,2.6222,2.9801
kenya,70,Catch-up to 30,2079.0000,asr_cancer_incidence,2.6710,2.5730,2.8620
kenya,70,Catch-up to 30,2080.0000,asr_cancer_incidence,2.8609,2.3083,2.9994
kenya,70,Catch-up to 30,2081.0000,asr_cancer_incidence,2.5802,2.4451,2.7251
kenya,70,Catch-up to 30,2082.0000,asr_cancer_incidence,2.5866,2.4228,2.6556
kenya,70,Catch-up to 30,2083.0000,asr_cancer_incidence,2.5690,2.2921,2.6396
kenya,70,Catch-up to 30,2084.0000,asr_cancer_incidence,2.5152,2.2716,2.7079
kenya,70,Catch-up to 30,2085.0000,asr_cancer_incidence,2.5346,2.3094,2.6633
kenya,70,Catch-up to 30,2086.0000,asr_cancer_incidence,2.4713,2.4158,2.5913
kenya,70,Catch-up to 30,2087.0000,asr_cancer_incidence,2.5658,2.4193,2.6088
kenya,70,Catch-up to 30,2088.0000,asr_cancer_incidence,2.5625,2.4204,2.6036
kenya,70,Catch-up to 30,2089.0000,asr_cancer_incidence,2.4431,2.3120,2.7111
kenya,70,Catch-up to 30,2090.0000,asr_cancer_incidence,2.4261,2.2941,2.6187
kenya,70,Catch-up to 30,2091.0000,asr_cancer_incidence,2.3929,2.2298,2.5364
kenya,70,Catch-up to 30,2092.0000,asr_cancer_incidence,2.3211,2.1892,2.5641
kenya,70,Catch-up to 30,2093.0000,asr_cancer_incidence,2.4147,2.1908,2.5564
kenya,70,Catch-up to 30,2094.0000,asr_cancer_incidence,2.4073,2.2807,2.6003
kenya,70,Catch-up to 30,2095.0000,asr_cancer_incidence,2.4474,2.2589,2.7493
kenya,70,Catch-up to 30,2096.0000,asr_cancer_incidence,2.4280,2.3534,2.6069
kenya,70,Catch-up to 30,2097.0000,asr_cancer_incidence,2.4811,2.4174,2.5184
kenya,70,Catch-up to 30,2098.0000,asr_cancer_incidence,2.4189,2.3249,2.4834
kenya,70,Catch-up to 30,2099.0000,asr_cancer_incidence,2.4213,2.3404,2.5518
kenya,70,Catch-up to 30,2100.0000,asr_cancer_incidence,2.4995,2.2663,2.6453
kenya,70,Catch-up to 30,2020.0000,cancers,4679.8433,4551.4215,4846.0364
kenya,70,Catch-up to 30,2021.0000,cancers,5027.3376,4812.0422,5193.5305
kenya,70,Catch-up to 30,2022.0000,cancers,4846.0364,4611.8554,5144.4282
kenya,70,Catch-up to 30,2023.0000,cancers,5068.8858,4819.5966,5337.0610
kenya,70,Catch-up to 30,2024.0000,cancers,4940.4641,4698.7288,5389.9402
kenya,70,Catch-up to 30,2025.0000,cancers,5027.3375,4883.8074,5189.7537
kenya,70,Catch-up to 30,2026.0000,cancers,5325.7297,4891.3615,5484.3684
kenya,70,Catch-up to 30,2027.0000,cancers,5420.1577,5253.9646,5533.4708
kenya,70,Catch-up to 30,2028.0000,cancers,5480.5914,5136.8738,5760.0976
kenya,70,Catch-up to 30,2029.0000,cancers,5382.3863,5136.8740,5544.8020
kenya,70,Catch-up to 30,2030.0000,cancers,5710.9952,5359.7238,5820.5314
kenya,70,Catch-up to 30,2031.0000,cancers,5514.5852,5325.7298,5707.2180
kenya,70,Catch-up to 30,2032.0000,cancers,5828.0857,5605.2358,6077.3751
kenya,70,Catch-up to 30,2033.0000,cancers,5586.3504,5454.1516,5982.9473
kenya,70,Catch-up to 30,2034.0000,cancers,5760.0977,5695.8868,5843.1941
kenya,70,Catch-up to 30,2035.0000,cancers,5778.9830,5559.9106,6050.9354
kenya,70,Catch-up to 30,2036.0000,cancers,5880.9653,5756.3207,6152.9175
kenya,70,Catch-up to 30,2037.0000,cancers,5816.7542,5597.6816,6005.6100
kenya,70,Catch-up to 30,2038.0000,cancers,5631.6755,5314.3984,5763.8746
kenya,70,Catch-up to 30,2039.0000,cancers,5525.9167,5442.8201,5843.1940
kenya,70,Catch-up to 30,2040.0000,cancers,5435.2659,5197.3077,5695.8869
kenya,70,Catch-up to 30,2041.0000,cancers,5495.6998,5321.9527,5631.6759
kenya,70,Catch-up to 30,2042.0000,cancers,5238.8560,5185.9766,5544.8021
kenya,70,Catch-up to 30,2043.0000,cancers,5102.8801,4804.4881,5578.7963
kenya,70,Catch-up to 30,2044.0000,cancers,4827.1508,4687.3976,5016.0063
kenya,70,Catch-up to 30,2045.0000,cancers,4951.7954,4834.7052,5012.2293
kenya,70,Catch-up to 30,2046.0000,cancers,4861.1447,4585.4156,5151.9824
kenya,70,Catch-up to 30,2047.0000,cancers,4513.6505,4287.0237,4864.9219
kenya,70,Catch-up to 30,2048.0000,cancers,4683.6205,4139.7163,4861.1449
kenya,70,Catch-up to 30,2049.0000,cancers,4528.7589,4460.7709,4664.7350
kenya,70,Catch-up to 30,2050.0000,cancers,4298.3551,4169.9333,4570.3074
kenya,70,Catch-up to 30,2051.0000,cancers,4185.0417,4045.2885,4460.7709
kenya,70,Catch-up to 30,2052.0000,cancers,4011.2946,3724.2340,4117.0538
kenya,70,Catch-up to 30,2053.0000,cancers,3841.3245,3750.6736,4196.3732
kenya,70,Catch-up to 30,2054.0000,cancers,3656.2461,3607.1435,3996.1861
kenya,70,Catch-up to 30,2055.0000,cancers,3603.3664,3463.6132,3773.3365
kenya,70,Catch-up to 30,2056.0000,cancers,3490.0529,3410.7336,3618.4748
kenya,70,Catch-up to 30,2057.0000,cancers,3369.1853,3248.3177,3482.4987
kenya,70,Catch-up to 30,2058.0000,cancers,3214.3237,3006.5824,3614.6977
kenya,70,Catch-up to 30,2059.0000,cancers,3108.5645,2980.1426,3327.6371
kenya,70,Catch-up to 30,2060.0000,cancers,3123.6729,2957.4800,3161.4441
kenya,70,Catch-up to 30,2061.0000,cancers,2783.7327,2606.2084,2968.8112
kenya,70,Catch-up to 30,2062.0000,cancers,2957.4799,2806.3954,3082.1247
kenya,70,Catch-up to 30,2063.0000,cancers,2795.0641,2761.0701,2863.0521
kenya,70,Catch-up to 30,2064.0000,cancers,2745.9616,2545.7746,2885.7147
kenya,70,Catch-up to 30,2065.0000,cancers,2689.3049,2587.3228,2825.2809
kenya,70,Catch-up to 30,2066.0000,cancers,2462.6781,2319.1478,2625.0939
kenya,70,Catch-up to 30,2067.0000,cancers,2447.5695,2285.1537,2723.2989
kenya,70,Catch-up to 30,2068.0000,cancers,2315.3706,2183.1717,2496.6720
kenya,70,Catch-up to 30,2069.0000,cancers,2239.8284,2205.8344,2360.6959
kenya,70,Catch-up to 30,2070.0000,cancers,2273.8224,2100.0751,2651.5337
kenya,70,Catch-up to 30,2071.0000,cancers,2175.6173,2024.5328,2353.1418
kenya,70,Catch-up to 30,2072.0000,cancers,2066.0811,1930.1051,2372.0273
kenya,70,Catch-up to 30,2073.0000,cancers,2103.8522,1952.7676,2330.4790
kenya,70,Catch-up to 30,2074.0000,cancers,1998.0930,1869.6711,2156.7318
kenya,70,Catch-up to 30,2075.0000,cancers,2020.7557,1835.6772,2228.4969
kenya,70,Catch-up to 30,2076.0000,cancers,1884.7796,1767.6891,2115.1835
kenya,70,Catch-up to 30,2077.0000,cancers,2043.4183,2001.8701,2077.4124
kenya,70,Catch-up to 30,2078.0000,cancers,2028.3099,1877.2254,2145.4004
kenya,70,Catch-up to 30,2079.0000,cancers,1937.6591,1896.1109,2084.9666
kenya,70,Catch-up to 30,2080.0000,cancers,2081.1895,1737.4722,2220.9427
kenya,70,Catch-up to 30,2081.0000,cancers,1896.1109,1824.3458,2032.0870
kenya,70,Catch-up to 30,2082.0000,cancers,1937.6591,1831.9000,1971.6532
kenya,70,Catch-up to 30,2083.0000,cancers,1941.4362,1745.0264,1990.5387
kenya,70,Catch-up to 30,2084.0000,cancers,1899.8880,1692.1468,2035.8639
kenya,70,Catch-up to 30,2085.0000,cancers,1907.4422,1782.7975,1998.0929
kenya,70,Catch-up to 30,2086.0000,cancers,1903.6651,1820.5686,2005.6471
kenya,70,Catch-up to 30,2087.0000,cancers,1986.7616,1869.6711,2013.2014
kenya,70,Catch-up to 30,2088.0000,cancers,1937.6591,1850.7855,1982.9845
kenya,70,Catch-up to 30,2089.0000,cancers,1847.0084,1763.9119,2103.8520
kenya,70,Catch-up to 30,2090.0000,cancers,1918.7735,1779.0204,2020.7556
kenya,70,Catch-up to 30,2091.0000,cancers,1903.6650,1767.6890,1994.3158
kenya,70,Catch-up to 30,2092.0000,cancers,1831.8999,1703.4780,1982.9844
kenya,70,Catch-up to 30,2093.0000,cancers,1948.9904,1775.2432,2032.0869
kenya,70,Catch-up to 30,2094.0000,cancers,1896.1109,1828.1228,2024.5326
kenya,70,Catch-up to 30,2095.0000,cancers,1990.5386,1794.1288,2213.3881
kenya,70,Catch-up to 30,2096.0000,cancers,1986.7615,1881.0023,2084.9664
kenya,70,Catch-up to 30,2097.0000,cancers,1979.2073,1884.7795,2047.1952
kenya,70,Catch-up to 30,2098.0000,cancers,1914.9963,1907.4421,2020.7555
kenya,70,Catch-up to 30,2099.0000,cancers,2001.8699,1945.2133,2043.4181
kenya,70,Catch-up to 30,2100.0000,cancers,2069.8579,1918.7735,2111.4062
kenya,70,Catch-up to 40,2020.0000,asr_cancer_incidence,28.4240,26.6972,29.3128
kenya,70,Catch-up to 40,2021.0000,asr_cancer_incidence,28.7805,27.6268,30.4168
kenya,70,Catch-up to 40,2022.0000,asr_cancer_incidence,27.3427,26.2510,28.5726
kenya,70,Catch-up to 40,2023.0000,asr_cancer_incidence,27.6316,26.6271,28.9644
kenya,70,Catch-up to 40,2024.0000,asr_cancer_incidence,26.4935,24.7346,28.0805
kenya,70,Catch-up to 40,2025.0000,asr_cancer_incidence,25.9740,24.9813,26.4494
kenya,70,Catch-up to 40,2026.0000,asr_cancer_incidence,26.0406,23.9813,27.3765
kenya,70,Catch-up to 40,2027.0000,asr_cancer_incidence,25.8075,25.3940,26.6364
kenya,70,Catch-up to 40,2028.0000,asr_cancer_incidence,25.4685,23.5472,26.7022
kenya,70,Catch-up to 40,2029.0000,asr_cancer_incidence,24.1770,23.1538,24.9580
kenya,70,Catch-up to 40,2030.0000,asr_cancer_incidence,24.3883,22.9862,25.5537
kenya,70,Catch-up to 40,2031.0000,asr_cancer_incidence,22.9762,22.3031,24.0602
kenya,70,Catch-up to 40,2032.0000,asr_cancer_incidence,23.4879,22.6739,24.6370
kenya,70,Catch-up to 40,2033.0000,asr_cancer_incidence,22.4824,21.4006,23.7479
kenya,70,Catch-up to 40,2034.0000,asr_cancer_incidence,22.3369,21.8736,22.6581
kenya,70,Catch-up to 40,2035.0000,asr_cancer_incidence,21.6236,20.7269,22.4062
kenya,70,Catch-up to 40,2036.0000,asr_cancer_incidence,21.0617,20.3462,22.0453
kenya,70,Catch-up to 40,2037.0000,asr_cancer_incidence,19.3237,19.0235,19.7885
kenya,70,Catch-up to 40,2038.0000,asr_cancer_incidence,19.2542,18.0751,19.8075
kenya,70,Catch-up to 40,2039.0000,asr_cancer_incidence,18.1336,17.0936,19.6713
kenya,70,Catch-up to 40,2040.0000,asr_cancer_incidence,17.2838,16.4312,17.8168
kenya,70,Catch-up to 40,2041.0000,asr_cancer_incidence,16.1400,15.7507,17.5575
kenya,70,Catch-up to 40,2042.0000,asr_cancer_incidence,16.0363,14.8637,16.8263
kenya,70,Catch-up to 40,2043.0000,asr_cancer_incidence,14.5516,14.0937,15.6014
kenya,70,Catch-up to 40,2044.0000,asr_cancer_incidence,13.4836,12.7752,14.9003
kenya,70,Catch-up to 40,2045.0000,asr_cancer_incidence,12.7969,12.3318,13.2787
kenya,70,Catch-up to 40,2046.0000,asr_cancer_incidence,12.6770,11.5841,13.2928
kenya,70,Catch-up to 40,2047.0000,asr_cancer_incidence,11.2624,10.7480,11.8413
kenya,70,Catch-up to 40,2048.0000,asr_cancer_incidence,10.6316,9.9040,11.9683
kenya,70,Catch-up to 40,2049.0000,asr_cancer_incidence,10.1104,9.9902,10.4111
kenya,70,Catch-up to 40,2050.0000,asr_cancer_incidence,9.1761,8.2839,9.6120
kenya,70,Catch-up to 40,2051.0000,asr_cancer_incidence,9.1954,8.3856,9.6293
kenya,70,Catch-up to 40,2052.0000,asr_cancer_incidence,8.2864,7.7958,8.7097
kenya,70,Catch-up to 40,2053.0000,asr_cancer_incidence,7.6386,7.1779,7.8865
kenya,70,Catch-up to 40,2054.0000,asr_cancer_incidence,7.0940,6.8019,7.5753
kenya,70,Catch-up to 40,2055.0000,asr_cancer_incidence,6.8686,6.3534,7.3264
kenya,70,Catch-up to 40,2056.0000,asr_cancer_incidence,6.2756,5.9218,6.5256
kenya,70,Catch-up to 40,2057.0000,asr_cancer_incidence,5.7040,5.5403,6.3106
kenya,70,Catch-up to 40,2058.0000,asr_cancer_incidence,5.0925,4.8334,5.4856
kenya,70,Catch-up to 40,2059.0000,asr_cancer_incidence,5.3345,5.0438,5.7063
kenya,70,Catch-up to 40,2060.0000,asr_cancer_incidence,4.9175,4.6237,5.1868
kenya,70,Catch-up to 40,2061.0000,asr_cancer_incidence,4.5259,4.2914,4.6741
kenya,70,Catch-up to 40,2062.0000,asr_cancer_incidence,4.0700,3.8688,4.6972
kenya,70,Catch-up to 40,2063.0000,asr_cancer_incidence,4.1898,3.8961,4.5171
kenya,70,Catch-up to 40,2064.0000,asr_cancer_incidence,3.9030,3.4911,4.3753
kenya,70,Catch-up to 40,2065.0000,asr_cancer_incidence,3.5860,3.3557,3.8525
kenya,70,Catch-up to 40,2066.0000,asr_cancer_incidence,3.3861,3.2835,3.9117
kenya,70,Catch-up to 40,2067.0000,asr_cancer_incidence,3.1217,3.0090,3.6833
kenya,70,Catch-up to 40,2068.0000,asr_cancer_incidence,3.2834,3.1974,3.4390
kenya,70,Catch-up to 40,2069.0000,asr_cancer_incidence,3.2437,3.0137,3.6152
kenya,70,Catch-up to 40,2070.0000,asr_cancer_incidence,3.0071,2.7906,3.4699
kenya,70,Catch-up to 40,2071.0000,asr_cancer_incidence,3.0914,2.7296,3.4206
kenya,70,Catch-up to 40,2072.0000,asr_cancer_incidence,2.9804,2.7588,3.1663
kenya,70,Catch-up to 40,2073.0000,asr_cancer_incidence,2.7365,2.5489,3.0858
kenya,70,Catch-up to 40,2074.0000,asr_cancer_incidence,2.9194,2.8052,3.1733
kenya,70,Catch-up to 40,2075.0000,asr_cancer_incidence,2.5853,2.4865,2.8955
kenya,70,Catch-up to 40,2076.0000,asr_cancer_incidence,2.7208,2.4785,2.9780
kenya,70,Catch-up to 40,2077.0000,asr_cancer_incidence,2.7461,2.6311,2.9519
kenya,70,Catch-up to 40,2078.0000,asr_cancer_incidence,2.6121,2.4049,3.0247
kenya,70,Catch-up to 40,2079.0000,asr_cancer_incidence,2.4899,2.4496,2.6037
kenya,70,Catch-up to 40,2080.0000,asr_cancer_incidence,2.5043,2.2988,2.7397
kenya,70,Catch-up to 40,2081.0000,asr_cancer_incidence,2.5218,2.2343,2.7809
kenya,70,Catch-up to 40,2082.0000,asr_cancer_incidence,2.4908,2.1682,2.7621
kenya,70,Catch-up to 40,2083.0000,asr_cancer_incidence,2.4866,2.2705,2.5703
kenya,70,Catch-up to 40,2084.0000,asr_cancer_incidence,2.4879,2.2981,2.7667
kenya,70,Catch-up to 40,2085.0000,asr_cancer_incidence,2.3693,2.1787,2.7332
kenya,70,Catch-up to 40,2086.0000,asr_cancer_incidence,2.2702,2.1254,2.5018
kenya,70,Catch-up to 40,2087.0000,asr_cancer_incidence,2.4983,2.3855,2.8110
kenya,70,Catch-up to 40,2088.0000,asr_cancer_incidence,2.5461,2.3224,2.7640
kenya,70,Catch-up to 40,2089.0000,asr_cancer_incidence,2.5515,2.2432,2.6328
kenya,70,Catch-up to 40,2090.0000,asr_cancer_incidence,2.4687,2.3141,2.6827
kenya,70,Catch-up to 40,2091.0000,asr_cancer_incidence,2.5505,2.2490,2.8482
kenya,70,Catch-up to 40,2092.0000,asr_cancer_incidence,2.3388,2.1721,2.4049
kenya,70,Catch-up to 40,2093.0000,asr_cancer_incidence,2.5921,2.3663,2.7387
kenya,70,Catch-up to 40,2094.0000,asr_cancer_incidence,2.5118,2.3656,2.6440
kenya,70,Catch-up to 40,2095.0000,asr_cancer_incidence,2.5739,2.3101,2.6921
kenya,70,Catch-up to 40,2096.0000,asr_cancer_incidence,2.4689,2.3376,2.8255
kenya,70,Catch-up to 40,2097.0000,asr_cancer_incidence,2.3464,2.2255,2.5296
kenya,70,Catch-up to 40,2098.0000,asr_cancer_incidence,2.4774,2.3542,2.6923
kenya,70,Catch-up to 40,2099.0000,asr_cancer_incidence,2.4440,2.3186,2.6280
kenya,70,Catch-up to 40,2100.0000,asr_cancer_incidence,2.4303,2.2331,2.5626
kenya,70,Catch-up to 40,2020.0000,cancers,4679.8433,4551.4215,4846.0364
kenya,70,Catch-up to 40,2021.0000,cancers,5027.3376,4812.0422,5193.5305
kenya,70,Catch-up to 40,2022.0000,cancers,4846.0364,4611.8554,5144.4282
kenya,70,Catch-up to 40,2023.0000,cancers,5068.8858,4819.5966,5337.0610
kenya,70,Catch-up to 40,2024.0000,cancers,4940.4641,4698.7288,5389.9402
kenya,70,Catch-up to 40,2025.0000,cancers,5027.3375,4883.8074,5189.7537
kenya,70,Catch-up to 40,2026.0000,cancers,5314.3983,4895.1385,5491.9227
kenya,70,Catch-up to 40,2027.0000,cancers,5442.8204,5272.8500,5544.8022
kenya,70,Catch-up to 40,2028.0000,cancers,5484.3684,5031.1147,5763.8749
kenya,70,Catch-up to 40,2029.0000,cancers,5416.3804,5065.1086,5571.2421
kenya,70,Catch-up to 40,2030.0000,cancers,5601.4591,5265.2961,5850.7485
kenya,70,Catch-up to 40,2031.0000,cancers,5397.4948,5231.3020,5688.3325
kenya,70,Catch-up to 40,2032.0000,cancers,5714.7725,5537.2480,5964.0615
kenya,70,Catch-up to 40,2033.0000,cancers,5627.8986,5318.1754,5937.6221
kenya,70,Catch-up to 40,2034.0000,cancers,5654.3382,5556.1335,5760.0978
kenya,70,Catch-up to 40,2035.0000,cancers,5612.7903,5382.3863,5835.6400
kenya,70,Catch-up to 40,2036.0000,cancers,5605.2359,5465.4830,5835.6400
kenya,70,Catch-up to 40,2037.0000,cancers,5314.3981,5212.4163,5416.3804
kenya,70,Catch-up to 40,2038.0000,cancers,5427.7116,5174.6450,5650.5615
kenya,70,Catch-up to 40,2039.0000,cancers,5178.4222,4951.7956,5627.8988
kenya,70,Catch-up to 40,2040.0000,cancers,5125.5427,4891.3617,5276.6270
kenya,70,Catch-up to 40,2041.0000,cancers,4868.6991,4728.9459,5284.1813
kenya,70,Catch-up to 40,2042.0000,cancers,4925.3554,4547.6446,5155.7596
kenya,70,Catch-up to 40,2043.0000,cancers,4608.0782,4415.4456,4868.6991
kenya,70,Catch-up to 40,2044.0000,cancers,4407.8913,4169.9333,4766.7170
kenya,70,Catch-up to 40,2045.0000,cancers,4203.9273,4052.8428,4422.9996
kenya,70,Catch-up to 40,2046.0000,cancers,4305.9093,3913.0897,4521.2049
kenya,70,Catch-up to 40,2047.0000,cancers,3913.0896,3788.4449,4120.8309
kenya,70,Catch-up to 40,2048.0000,cancers,3826.2160,3542.9326,4271.9153
kenya,70,Catch-up to 40,2049.0000,cancers,3712.9026,3671.3544,3856.4330
kenya,70,Catch-up to 40,2050.0000,cancers,3490.0529,3146.3356,3618.4748
kenya,70,Catch-up to 40,2051.0000,cancers,3622.2519,3297.4201,3724.2339
kenya,70,Catch-up to 40,2052.0000,cancers,3316.3058,3142.5586,3512.7156
kenya,70,Catch-up to 40,2053.0000,cancers,3168.9983,2972.5884,3270.9804
kenya,70,Catch-up to 40,2054.0000,cancers,3033.0222,2931.0402,3233.2092
kenya,70,Catch-up to 40,2055.0000,cancers,3029.2451,2798.8412,3252.0948
kenya,70,Catch-up to 40,2056.0000,cancers,2840.3895,2685.5278,2972.5884
kenya,70,Catch-up to 40,2057.0000,cancers,2689.3049,2602.4312,2980.1426
kenya,70,Catch-up to 40,2058.0000,cancers,2470.2323,2326.7020,2666.6422
kenya,70,Catch-up to 40,2059.0000,cancers,2670.4193,2526.8891,2825.2810
kenya,70,Catch-up to 40,2060.0000,cancers,2519.3347,2375.8044,2659.0880
kenya,70,Catch-up to 40,2061.0000,cancers,2394.6900,2277.5995,2455.1238
kenya,70,Catch-up to 40,2062.0000,cancers,2186.9488,2100.0752,2538.2203
kenya,70,Catch-up to 40,2063.0000,cancers,2292.7079,2160.5090,2470.2323
kenya,70,Catch-up to 40,2064.0000,cancers,2202.0572,1960.3220,2481.5636
kenya,70,Catch-up to 40,2065.0000,cancers,2084.9667,1960.3220,2220.9427
kenya,70,Catch-up to 40,2066.0000,cancers,2024.5329,1937.6593,2285.1537
kenya,70,Catch-up to 40,2067.0000,cancers,1888.5568,1809.2374,2236.0513
kenya,70,Catch-up to 40,2068.0000,cancers,2024.5329,1975.4304,2122.7378
kenya,70,Catch-up to 40,2069.0000,cancers,2024.5329,1873.4483,2254.9368
kenya,70,Catch-up to 40,2070.0000,cancers,1922.5508,1790.3518,2186.9487
kenya,70,Catch-up to 40,2071.0000,cancers,2013.2015,1771.4662,2213.3885
kenya,70,Catch-up to 40,2072.0000,cancers,1960.3219,1813.0145,2066.0811
kenya,70,Catch-up to 40,2073.0000,cancers,1847.0085,1714.8095,2084.9666
kenya,70,Catch-up to 40,2074.0000,cancers,1933.8821,1881.0025,2141.6233
kenya,70,Catch-up to 40,2075.0000,cancers,1737.4722,1688.3697,1982.9845
kenya,70,Catch-up to 40,2076.0000,cancers,1862.1170,1729.9179,2028.3099
kenya,70,Catch-up to 40,2077.0000,cancers,1914.9965,1835.6771,2039.6412
kenya,70,Catch-up to 40,2078.0000,cancers,1847.0084,1692.1468,2111.4063
kenya,70,Catch-up to 40,2079.0000,cancers,1820.5686,1748.8035,1884.7796
kenya,70,Catch-up to 40,2080.0000,cancers,1816.7915,1684.5926,1994.3158
kenya,70,Catch-up to 40,2081.0000,cancers,1843.2313,1654.3757,2050.9725
kenya,70,Catch-up to 40,2082.0000,cancers,1824.3457,1593.9418,2016.9785
kenya,70,Catch-up to 40,2083.0000,cancers,1809.2373,1673.2613,1888.5567
kenya,70,Catch-up to 40,2084.0000,cancers,1911.2193,1684.5926,2069.8581
kenya,70,Catch-up to 40,2085.0000,cancers,1809.2373,1639.2672,2069.8580
kenya,70,Catch-up to 40,2086.0000,cancers,1748.8035,1631.7130,1933.8820
kenya,70,Catch-up to 40,2087.0000,cancers,1941.4362,1824.3458,2100.0749
kenya,70,Catch-up to 40,2088.0000,cancers,1933.8820,1767.6890,2107.6291
kenya,70,Catch-up to 40,2089.0000,cancers,1979.2073,1726.1409,2032.0868
kenya,70,Catch-up to 40,2090.0000,cancers,1911.2193,1786.5746,2126.5146
kenya,70,Catch-up to 40,2091.0000,cancers,1982.9844,1752.5806,2217.1652
kenya,70,Catch-up to 40,2092.0000,cancers,1858.3397,1707.2552,1888.5567
kenya,70,Catch-up to 40,2093.0000,cancers,2058.5267,1914.9964,2156.7314
kenya,70,Catch-up to 40,2094.0000,cancers,2009.4241,1911.2193,2141.6230
kenya,70,Catch-up to 40,2095.0000,cancers,2073.6351,1854.5626,2141.6231
kenya,70,Catch-up to 40,2096.0000,cancers,1986.7615,1911.2193,2247.3822
kenya,70,Catch-up to 40,2097.0000,cancers,1862.1168,1816.7914,2077.4121
kenya,70,Catch-up to 40,2098.0000,cancers,2016.9783,1914.9963,2160.5085
kenya,70,Catch-up to 40,2099.0000,cancers,2035.8640,1907.4421,2183.1712
kenya,70,Catch-up to 40,2100.0000,cancers,1994.3157,1847.0084,2130.2917
kenya,70,Catch-up to 40 + S&T to 65,2020.0000,asr_cancer_incidence,28.4240,26.6972,29.3128
kenya,70,Catch-up to 40 + S&T to 65,2021.0000,asr_cancer_incidence,28.7805,27.6268,30.4168
kenya,70,Catch-up to 40 + S&T to 65,2022.0000,asr_cancer_incidence,27.3427,26.2510,28.5726
kenya,70,Catch-up to 40 + S&T to 65,2023.0000,asr_cancer_incidence,27.6316,26.6271,28.9644
kenya,70,Catch-up to 40 + S&T to 65,2024.0000,asr_cancer_incidence,26.4935,24.7346,28.0805
kenya,70,Catch-up to 40 + S&T to 65,2025.0000,asr_cancer_incidence,25.9740,24.9813,26.4494
kenya,70,Catch-up to 40 + S&T to 65,2026.0000,asr_cancer_incidence,13.3119,11.9564,13.7061
kenya,70,Catch-up to 40 + S&T to 65,2027.0000,asr_cancer_incidence,13.3714,12.6860,13.5941
kenya,70,Catch-up to 40 + S&T to 65,2028.0000,asr_cancer_incidence,12.6510,11.9096,13.4303
kenya,70,Catch-up to 40 + S&T to 65,2029.0000,asr_cancer_incidence,12.4652,11.7129,13.1010
kenya,70,Catch-up to 40 + S&T to 65,2030.0000,asr_cancer_incidence,12.7623,12.3202,13.6422
kenya,70,Catch-up to 40 + S&T to 65,2031.0000,asr_cancer_incidence,13.5239,12.9642,13.7383
kenya,70,Catch-up to 40 + S&T to 65,2032.0000,asr_cancer_incidence,13.8963,12.7697,14.4386
kenya,70,Catch-up to 40 + S&T to 65,2033.0000,asr_cancer_incidence,13.1597,11.9799,14.0905
kenya,70,Catch-up to 40 + S&T to 65,2034.0000,asr_cancer_incidence,13.2243,13.0755,13.9050
kenya,70,Catch-up to 40 + S&T to 65,2035.0000,asr_cancer_incidence,14.0830,13.2246,14.1917
kenya,70,Catch-up to 40 + S&T to 65,2036.0000,asr_cancer_incidence,13.4179,12.4876,14.3147
kenya,70,Catch-up to 40 + S&T to 65,2037.0000,asr_cancer_incidence,13.4445,12.2703,14.2496
kenya,70,Catch-up to 40 + S&T to 65,2038.0000,asr_cancer_incidence,13.2759,12.3545,13.6627
kenya,70,Catch-up to 40 + S&T to 65,2039.0000,asr_cancer_incidence,13.1433,11.9303,13.9067
kenya,70,Catch-up to 40 + S&T to 65,2040.0000,asr_cancer_incidence,12.8991,11.8898,13.3975
kenya,70,Catch-up to 40 + S&T to 65,2041.0000,asr_cancer_incidence,12.4663,11.7870,12.9834
kenya,70,Catch-up to 40 + S&T to 65,2042.0000,asr_cancer_incidence,11.7024,11.3508,12.2513
kenya,70,Catch-up to 40 + S&T to 65,2043.0000,asr_cancer_incidence,11.4094,10.4699,12.5551
kenya,70,Catch-up to 40 + S&T to 65,2044.0000,asr_cancer_incidence,11.0905,10.1484,11.9068
kenya,70,Catch-up to 40 + S&T to 65,2045.0000,asr_cancer_incidence,10.6443,10.1119,11.2260
kenya,70,Catch-up to 40 + S&T to 65,2046.0000,asr_cancer_incidence,9.9152,9.4432,10.5528
kenya,70,Catch-up to 40 + S&T to 65,2047.0000,asr_cancer_incidence,9.4554,9.1458,10.4936
kenya,70,Catch-up to 40 + S&T to 65,2048.0000,asr_cancer_incidence,9.2266,8.6594,9.8769
kenya,70,Catch-up to 40 + S&T to 65,2049.0000,asr_cancer_incidence,8.6216,8.1234,9.0655
kenya,70,Catch-up to 40 + S&T to 65,2050.0000,asr_cancer_incidence,7.9906,7.6831,8.3462
kenya,70,Catch-up to 40 + S&T to 65,2051.0000,asr_cancer_incidence,7.6635,7.4135,8.0016
kenya,70,Catch-up to 40 + S&T to 65,2052.0000,asr_cancer_incidence,6.9855,6.5803,7.2433
kenya,70,Catch-up to 40 + S&T to 65,2053.0000,asr_cancer_incidence,6.7056,6.4230,6.9955
kenya,70,Catch-up to 40 + S&T to 65,2054.0000,asr_cancer_incidence,6.2882,5.7054,6.5850
kenya,70,Catch-up to 40 + S&T to 65,2055.0000,asr_cancer_incidence,5.8844,5.6809,6.2962
kenya,70,Catch-up to 40 + S&T to 65,2056.0000,asr_cancer_incidence,5.8144,5.2498,6.1818
kenya,70,Catch-up to 40 + S&T to 65,2057.0000,asr_cancer_incidence,5.0836,4.5877,5.5710
kenya,70,Catch-up to 40 + S&T to 65,2058.0000,asr_cancer_incidence,4.9702,4.8820,5.0736
kenya,70,Catch-up to 40 + S&T to 65,2059.0000,asr_cancer_incidence,4.9401,4.3651,5.1173
kenya,70,Catch-up to 40 + S&T to 65,2060.0000,asr_cancer_incidence,4.4059,4.1337,4.5633
kenya,70,Catch-up to 40 + S&T to 65,2061.0000,asr_cancer_incidence,4.1025,3.8853,4.4540
kenya,70,Catch-up to 40 + S&T to 65,2062.0000,asr_cancer_incidence,4.2180,4.0442,4.3024
kenya,70,Catch-up to 40 + S&T to 65,2063.0000,asr_cancer_incidence,4.0143,3.8099,4.1762
kenya,70,Catch-up to 40 + S&T to 65,2064.0000,asr_cancer_incidence,3.8621,3.4566,4.0606
kenya,70,Catch-up to 40 + S&T to 65,2065.0000,asr_cancer_incidence,3.4371,3.1602,3.9916
kenya,70,Catch-up to 40 + S&T to 65,2066.0000,asr_cancer_incidence,3.2885,3.0547,3.5448
kenya,70,Catch-up to 40 + S&T to 65,2067.0000,asr_cancer_incidence,3.3489,3.2534,3.4840
kenya,70,Catch-up to 40 + S&T to 65,2068.0000,asr_cancer_incidence,3.2626,3.0742,3.3481
kenya,70,Catch-up to 40 + S&T to 65,2069.0000,asr_cancer_incidence,2.9107,2.7997,3.4562
kenya,70,Catch-up to 40 + S&T to 65,2070.0000,asr_cancer_incidence,3.0952,2.8609,3.2488
kenya,70,Catch-up to 40 + S&T to 65,2071.0000,asr_cancer_incidence,2.8603,2.6620,3.1939
kenya,70,Catch-up to 40 + S&T to 65,2072.0000,asr_cancer_incidence,2.8391,2.7467,3.1334
kenya,70,Catch-up to 40 + S&T to 65,2073.0000,asr_cancer_incidence,2.8009,2.5673,3.1180
kenya,70,Catch-up to 40 + S&T to 65,2074.0000,asr_cancer_incidence,2.7669,2.7418,3.0730
kenya,70,Catch-up to 40 + S&T to 65,2075.0000,asr_cancer_incidence,2.7240,2.5381,2.7698
kenya,70,Catch-up to 40 + S&T to 65,2076.0000,asr_cancer_incidence,2.5859,2.5019,2.8051
kenya,70,Catch-up to 40 + S&T to 65,2077.0000,asr_cancer_incidence,2.5573,2.3589,2.8690
kenya,70,Catch-up to 40 + S&T to 65,2078.0000,asr_cancer_incidence,2.7368,2.3551,3.0544
kenya,70,Catch-up to 40 + S&T to 65,2079.0000,asr_cancer_incidence,2.6248,2.3234,2.8705
kenya,70,Catch-up to 40 + S&T to 65,2080.0000,asr_cancer_incidence,2.6799,2.5887,2.7945
kenya,70,Catch-up to 40 + S&T to 65,2081.0000,asr_cancer_incidence,2.5736,2.3804,2.7118
kenya,70,Catch-up to 40 + S&T to 65,2082.0000,asr_cancer_incidence,2.5615,2.2912,2.7101
kenya,70,Catch-up to 40 + S&T to 65,2083.0000,asr_cancer_incidence,2.4799,2.3632,2.6921
kenya,70,Catch-up to 40 + S&T to 65,2084.0000,asr_cancer_incidence,2.7752,2.5186,2.9629
kenya,70,Catch-up to 40 + S&T to 65,2085.0000,asr_cancer_incidence,2.4495,2.3439,2.6236
kenya,70,Catch-up to 40 + S&T to 65,2086.0000,asr_cancer_incidence,2.5420,2.3237,2.6973
kenya,70,Catch-up to 40 + S&T to 65,2087.0000,asr_cancer_incidence,2.4202,2.3399,2.5842
kenya,70,Catch-up to 40 + S&T to 65,2088.0000,asr_cancer_incidence,2.5767,2.3916,2.7328
kenya,70,Catch-up to 40 + S&T to 65,2089.0000,asr_cancer_incidence,2.5221,2.3176,2.6532
kenya,70,Catch-up to 40 + S&T to 65,2090.0000,asr_cancer_incidence,2.5216,2.3211,2.7833
kenya,70,Catch-up to 40 + S&T to 65,2091.0000,asr_cancer_incidence,2.4475,2.3648,2.5520
kenya,70,Catch-up to 40 + S&T to 65,2092.0000,asr_cancer_incidence,2.3527,2.1727,2.6076
kenya,70,Catch-up to 40 + S&T to 65,2093.0000,asr_cancer_incidence,2.3576,2.2528,2.6248
kenya,70,Catch-up to 40 + S&T to 65,2094.0000,asr_cancer_incidence,2.4916,2.4413,2.6741
kenya,70,Catch-up to 40 + S&T to 65,2095.0000,asr_cancer_incidence,2.5641,2.4617,2.7074
kenya,70,Catch-up to 40 + S&T to 65,2096.0000,asr_cancer_incidence,2.4970,2.2446,2.7345
kenya,70,Catch-up to 40 + S&T to 65,2097.0000,asr_cancer_incidence,2.5718,2.3462,2.7077
kenya,70,Catch-up to 40 + S&T to 65,2098.0000,asr_cancer_incidence,2.5576,2.2308,2.7201
kenya,70,Catch-up to 40 + S&T to 65,2099.0000,asr_cancer_incidence,2.5251,2.4337,2.5487
kenya,70,Catch-up to 40 + S&T to 65,2100.0000,asr_cancer_incidence,2.4544,2.1613,2.7265
kenya,70,Catch-up to 40 + S&T to 65,2020.0000,cancers,4679.8433,4551.4215,4846.0364
kenya,70,Catch-up to 40 + S&T to 65,2021.0000,cancers,5027.3376,4812.0422,5193.5305
kenya,70,Catch-up to 40 + S&T to 65,2022.0000,cancers,4846.0364,4611.8554,5144.4282
kenya,70,Catch-up to 40 + S&T to 65,2023.0000,cancers,5068.8858,4819.5966,5337.0610
kenya,70,Catch-up to 40 + S&T to 65,2024.0000,cancers,4940.4641,4698.7288,5389.9402
kenya,70,Catch-up to 40 + S&T to 65,2025.0000,cancers,5027.3375,4883.8074,5189.7537
kenya,70,Catch-up to 40 + S&T to 65,2026.0000,cancers,2526.8890,2319.1477,2670.4194
kenya,70,Catch-up to 40 + S&T to 65,2027.0000,cancers,2700.6362,2534.4432,2742.1845
kenya,70,Catch-up to 40 + S&T to 65,2028.0000,cancers,2632.6482,2538.2203,2836.6123
kenya,70,Catch-up to 40 + S&T to 65,2029.0000,cancers,2753.5158,2575.9915,2889.4919
kenya,70,Catch-up to 40 + S&T to 65,2030.0000,cancers,2931.0402,2806.3954,3093.4560
kenya,70,Catch-up to 40 + S&T to 65,2031.0000,cancers,3165.2212,3010.3595,3255.8719
kenya,70,Catch-up to 40 + S&T to 65,2032.0000,cancers,3425.8419,3187.8839,3565.5952
kenya,70,Catch-up to 40 + S&T to 65,2033.0000,cancers,3312.5285,3085.9017,3561.8180
kenya,70,Catch-up to 40 + S&T to 65,2034.0000,cancers,3433.3962,3342.7455,3573.1494
kenya,70,Catch-up to 40 + S&T to 65,2035.0000,cancers,3746.8966,3493.8300,3818.6618
kenya,70,Catch-up to 40 + S&T to 65,2036.0000,cancers,3663.8002,3444.7277,3894.2040
kenya,70,Catch-up to 40 + S&T to 65,2037.0000,cancers,3795.9990,3410.7336,3943.3065
kenya,70,Catch-up to 40 + S&T to 65,2038.0000,cancers,3845.1015,3546.7096,3950.8608
kenya,70,Catch-up to 40 + S&T to 65,2039.0000,cancers,3769.5593,3550.4868,4041.5114
kenya,70,Catch-up to 40 + S&T to 65,2040.0000,cancers,3852.6558,3603.3663,3984.8547
kenya,70,Catch-up to 40 + S&T to 65,2041.0000,cancers,3780.8906,3671.3544,3969.7463
kenya,70,Catch-up to 40 + S&T to 65,2042.0000,cancers,3660.0229,3542.9325,3807.3304
kenya,70,Catch-up to 40 + S&T to 65,2043.0000,cancers,3610.9207,3380.5166,3947.0836
kenya,70,Catch-up to 40 + S&T to 65,2044.0000,cancers,3618.4748,3342.7454,3826.2160
kenya,70,Catch-up to 40 + S&T to 65,2045.0000,cancers,3539.1554,3369.1852,3758.2280
kenya,70,Catch-up to 40 + S&T to 65,2046.0000,cancers,3350.2997,3206.7695,3576.9265
kenya,70,Catch-up to 40 + S&T to 65,2047.0000,cancers,3289.8659,3199.2151,3671.3544
kenya,70,Catch-up to 40 + S&T to 65,2048.0000,cancers,3278.5346,3112.3416,3501.3843
kenya,70,Catch-up to 40 + S&T to 65,2049.0000,cancers,3176.5525,3002.8053,3320.0829
kenya,70,Catch-up to 40 + S&T to 65,2050.0000,cancers,3051.9078,2881.9377,3165.2213
kenya,70,Catch-up to 40 + S&T to 65,2051.0000,cancers,2980.1426,2881.9377,3153.8899
kenya,70,Catch-up to 40 + S&T to 65,2052.0000,cancers,2798.8411,2628.8711,2904.6004
kenya,70,Catch-up to 40 + S&T to 65,2053.0000,cancers,2749.7387,2640.2024,2874.3835
kenya,70,Catch-up to 40 + S&T to 65,2054.0000,cancers,2685.5277,2443.7925,2817.7267
kenya,70,Catch-up to 40 + S&T to 65,2055.0000,cancers,2579.7686,2508.0035,2772.4014
kenya,70,Catch-up to 40 + S&T to 65,2056.0000,cancers,2628.8712,2383.3587,2810.1724
kenya,70,Catch-up to 40 + S&T to 65,2057.0000,cancers,2383.3587,2134.0692,2587.3228
kenya,70,Catch-up to 40 + S&T to 65,2058.0000,cancers,2409.7985,2356.9189,2443.7925
kenya,70,Catch-up to 40 + S&T to 65,2059.0000,cancers,2451.3467,2171.8404,2523.1119
kenya,70,Catch-up to 40 + S&T to 65,2060.0000,cancers,2247.3826,2103.8523,2326.7020
kenya,70,Catch-up to 40 + S&T to 65,2061.0000,cancers,2149.1777,2013.2015,2307.8164
kenya,70,Catch-up to 40 + S&T to 65,2062.0000,cancers,2270.0453,2171.8404,2315.3707
kenya,70,Catch-up to 40 + S&T to 65,2063.0000,cancers,2220.9428,2088.7439,2285.1537
kenya,70,Catch-up to 40 + S&T to 65,2064.0000,cancers,2156.7318,1960.3219,2281.3766
kenya,70,Catch-up to 40 + S&T to 65,2065.0000,cancers,1960.3220,1820.5688,2273.8224
kenya,70,Catch-up to 40 + S&T to 65,2066.0000,cancers,1937.6593,1794.1290,2054.7498
kenya,70,Catch-up to 40 + S&T to 65,2067.0000,cancers,2013.2015,1971.6533,2081.1895
kenya,70,Catch-up to 40 + S&T to 65,2068.0000,cancers,1986.7617,1877.2255,2050.9726
kenya,70,Catch-up to 40 + S&T to 65,2069.0000,cancers,1843.2314,1763.9121,2152.9547
kenya,70,Catch-up to 40 + S&T to 65,2070.0000,cancers,1956.5448,1805.4603,2050.9726
kenya,70,Catch-up to 40 + S&T to 65,2071.0000,cancers,1835.6772,1729.9180,2054.7498
kenya,70,Catch-up to 40 + S&T to 65,2072.0000,cancers,1865.8941,1801.6832,2058.5269
kenya,70,Catch-up to 40 + S&T to 65,2073.0000,cancers,1858.3398,1729.9180,2073.6353
kenya,70,Catch-up to 40 + S&T to 65,2074.0000,cancers,1869.6711,1828.1229,2058.5268
kenya,70,Catch-up to 40 + S&T to 65,2075.0000,cancers,1850.7856,1729.9179,1896.1109
kenya,70,Catch-up to 40 + S&T to 65,2076.0000,cancers,1786.5747,1729.9180,1918.7735
kenya,70,Catch-up to 40 + S&T to 65,2077.0000,cancers,1794.1289,1688.3697,2001.8701
kenya,70,Catch-up to 40 + S&T to 65,2078.0000,cancers,1914.9964,1665.7070,2145.4003
kenya,70,Catch-up to 40 + S&T to 65,2079.0000,cancers,1884.7796,1673.2612,2016.9785
kenya,70,Catch-up to 40 + S&T to 65,2080.0000,cancers,1914.9964,1850.7856,2028.3099
kenya,70,Catch-up to 40 + S&T to 65,2081.0000,cancers,1877.2253,1737.4722,1937.6591
kenya,70,Catch-up to 40 + S&T to 65,2082.0000,cancers,1877.2254,1688.3697,1990.5387
kenya,70,Catch-up to 40 + S&T to 65,2083.0000,cancers,1854.5627,1805.4601,1982.9845
kenya,70,Catch-up to 40 + S&T to 65,2084.0000,cancers,2077.4122,1862.1168,2194.5027
kenya,70,Catch-up to 40 + S&T to 65,2085.0000,cancers,1839.4543,1782.7975,1948.9905
kenya,70,Catch-up to 40 + S&T to 65,2086.0000,cancers,1899.8879,1756.3577,2016.9785
kenya,70,Catch-up to 40 + S&T to 65,2087.0000,cancers,1828.1229,1779.0204,1990.5386
kenya,70,Catch-up to 40 + S&T to 65,2088.0000,cancers,1960.3218,1828.1228,2100.0749
kenya,70,Catch-up to 40 + S&T to 65,2089.0000,cancers,1922.5506,1797.9060,2050.9724
kenya,70,Catch-up to 40 + S&T to 65,2090.0000,cancers,1960.3217,1794.1288,2186.9483
kenya,70,Catch-up to 40 + S&T to 65,2091.0000,cancers,1952.7674,1873.4482,2013.2013
kenya,70,Catch-up to 40 + S&T to 65,2092.0000,cancers,1877.2252,1703.4781,2062.3037
kenya,70,Catch-up to 40 + S&T to 65,2093.0000,cancers,1888.5566,1782.7975,2028.3096
kenya,70,Catch-up to 40 + S&T to 65,2094.0000,cancers,1948.9904,1911.2193,2100.0748
kenya,70,Catch-up to 40 + S&T to 65,2095.0000,cancers,2039.6411,1986.7615,2145.4001
kenya,70,Catch-up to 40 + S&T to 65,2096.0000,cancers,2001.8699,1865.8939,2179.3941
kenya,70,Catch-up to 40 + S&T to 65,2097.0000,cancers,2032.0868,1956.5446,2171.8398
kenya,70,Catch-up to 40 + S&T to 65,2098.0000,cancers,2054.7494,1847.0083,2205.8341
kenya,70,Catch-up to 40 + S&T to 65,2099.0000,cancers,2054.7495,1986.7614,2088.7434
kenya,70,Catch-up to 40 + S&T to 65,2100.0000,cancers,2077.4121,1813.0144,2254.9362
kenya,70,S&T 10-65 only,2020.0000,asr_cancer_incidence,28.4240,26.6972,29.3128
kenya,70,S&T 10-65 only,2021.0000,asr_cancer_incidence,28.7805,27.6268,30.4168
kenya,70,S&T 10-65 only,2022.0000,asr_cancer_incidence,27.3427,26.2510,28.5726
kenya,70,S&T 10-65 only,2023.0000,asr_cancer_incidence,27.6316,26.6271,28.9644
kenya,70,S&T 10-65 only,2024.0000,asr_cancer_incidence,26.4935,24.7346,28.0805
kenya,70,S&T 10-65 only,2025.0000,asr_cancer_incidence,25.9740,24.9813,26.4494
kenya,70,S&T 10-65 only,2026.0000,asr_cancer_incidence,12.9410,12.0189,13.8774
kenya,70,S&T 10-65 only,2027.0000,asr_cancer_incidence,13.2892,12.6732,13.6419
kenya,70,S&T 10-65 only,2028.0000,asr_cancer_incidence,13.1082,12.3071,13.4294
kenya,70,S&T 10-65 only,2029.0000,asr_cancer_incidence,12.7388,12.1192,13.1615
kenya,70,S&T 10-65 only,2030.0000,asr_cancer_incidence,13.0695,12.8076,14.1334
kenya,70,S&T 10-65 only,2031.0000,asr_cancer_incidence,13.6140,13.2852,14.5270
kenya,70,S&T 10-65 only,2032.0000,asr_cancer_incidence,14.2874,13.6421,15.4067
kenya,70,S&T 10-65 only,2033.0000,asr_cancer_incidence,14.8312,13.6464,15.0664
kenya,70,S&T 10-65 only,2034.0000,asr_cancer_incidence,15.4163,15.2269,15.9119
kenya,70,S&T 10-65 only,2035.0000,asr_cancer_incidence,15.8899,14.7633,17.2674
kenya,70,S&T 10-65 only,2036.0000,asr_cancer_incidence,16.2138,15.0536,17.8992
kenya,70,S&T 10-65 only,2037.0000,asr_cancer_incidence,16.6790,15.9380,17.2557
kenya,70,S&T 10-65 only,2038.0000,asr_cancer_incidence,17.0265,15.9823,17.9632
kenya,70,S&T 10-65 only,2039.0000,asr_cancer_incidence,17.0830,16.4347,17.4759
kenya,70,S&T 10-65 only,2040.0000,asr_cancer_incidence,17.5792,17.3068,18.3975
kenya,70,S&T 10-65 only,2041.0000,asr_cancer_incidence,17.9737,17.7552,18.1281
kenya,70,S&T 10-65 only,2042.0000,asr_cancer_incidence,17.3491,17.1098,18.4655
kenya,70,S&T 10-65 only,2043.0000,asr_cancer_incidence,17.5423,16.8219,18.6722
kenya,70,S&T 10-65 only,2044.0000,asr_cancer_incidence,17.6272,17.3075,18.1936
kenya,70,S&T 10-65 only,2045.0000,asr_cancer_incidence,17.8571,16.8287,18.5864
kenya,70,S&T 10-65 only,2046.0000,asr_cancer_incidence,17.9024,16.7163,18.1308
kenya,70,S&T 10-65 only,2047.0000,asr_cancer_incidence,17.2456,16.9817,17.4826
kenya,70,S&T 10-65 only,2048.0000,asr_cancer_incidence,16.6362,15.9577,17.6837
kenya,70,S&T 10-65 only,2049.0000,asr_cancer_incidence,16.7427,16.0769,17.2237
kenya,70,S&T 10-65 only,2050.0000,asr_cancer_incidence,16.1153,15.3970,16.4303
kenya,70,S&T 10-65 only,2051.0000,asr_cancer_incidence,16.0752,15.5231,16.3833
kenya,70,S&T 10-65 only,2052.0000,asr_cancer_incidence,14.8704,14.4774,15.8517
kenya,70,S&T 10-65 only,2053.0000,asr_cancer_incidence,14.3711,13.7443,14.9546
kenya,70,S&T 10-65 only,2054.0000,asr_cancer_incidence,14.0551,13.4911,14.9272
kenya,70,S&T 10-65 only,2055.0000,asr_cancer_incidence,13.3951,13.0111,13.9523
kenya,70,S&T 10-65 only,2056.0000,asr_cancer_incidence,13.0488,12.6716,13.2936
kenya,70,S&T 10-65 only,2057.0000,asr_cancer_incidence,12.7929,11.7643,13.1952
kenya,70,S&T 10-65 only,2058.0000,asr_cancer_incidence,12.3573,11.5049,12.5912
kenya,70,S&T 10-65 only,2059.0000,asr_cancer_incidence,11.7638,11.0500,12.2119
kenya,70,S&T 10-65 only,2060.0000,asr_cancer_incidence,11.2317,10.6905,11.5982
kenya,70,S&T 10-65 only,2061.0000,asr_cancer_incidence,10.3402,9.5455,10.7286
kenya,70,S&T 10-65 only,2062.0000,asr_cancer_incidence,9.9982,9.4342,10.2886
kenya,70,S&T 10-65 only,2063.0000,asr_cancer_incidence,9.6070,9.1386,10.2193
kenya,70,S&T 10-65 only,2064.0000,asr_cancer_incidence,8.9434,8.2643,9.6158
kenya,70,S&T 10-65 only,2065.0000,asr_cancer_incidence,8.8627,7.7921,9.2878
kenya,70,S&T 10-65 only,2066.0000,asr_cancer_incidence,8.0139,7.6030,8.2313
kenya,70,S&T 10-65 only,2067.0000,asr_cancer_incidence,7.8066,7.4096,8.0879
kenya,70,S&T 10-65 only,2068.0000,asr_cancer_incidence,7.4026,6.9445,7.8056
kenya,70,S&T 10-65 only,2069.0000,asr_cancer_incidence,7.1551,7.0052,7.3725
kenya,70,S&T 10-65 only,2070.0000,asr_cancer_incidence,6.6195,6.1691,6.8203
kenya,70,S&T 10-65 only,2071.0000,asr_cancer_incidence,6.2511,6.0832,6.4806
kenya,70,S&T 10-65 only,2072.0000,asr_cancer_incidence,5.8734,5.6204,6.1115
kenya,70,S&T 10-65 only,2073.0000,asr_cancer_incidence,5.3451,5.2700,5.7146
kenya,70,S&T 10-65 only,2074.0000,asr_cancer_incidence,5.0426,4.9733,5.2949
kenya,70,S&T 10-65 only,2075.0000,asr_cancer_incidence,5.1360,4.8355,5.2916
kenya,70,S&T 10-65 only,2076.0000,asr_cancer_incidence,4.5378,4.2216,4.7857
kenya,70,S&T 10-65 only,2077.0000,asr_cancer_incidence,4.4305,4.1253,4.6900
kenya,70,S&T 10-65 only,2078.0000,asr_cancer_incidence,3.9817,3.7483,4.2958
kenya,70,S&T 10-65 only,2079.0000,asr_cancer_incidence,3.9024,3.7375,4.1588
kenya,70,S&T 10-65 only,2080.0000,asr_cancer_incidence,3.8661,3.6562,3.9776
kenya,70,S&T 10-65 only,2081.0000,asr_cancer_incidence,3.4867,3.3564,3.6575
kenya,70,S&T 10-65 only,2082.0000,asr_cancer_incidence,3.2813,3.1672,3.5046
kenya,70,S&T 10-65 only,2083.0000,asr_cancer_incidence,3.3907,3.1023,3.4545
kenya,70,S&T 10-65 only,2084.0000,asr_cancer_incidence,3.0810,2.9355,3.2173
kenya,70,S&T 10-65 only,2085.0000,asr_cancer_incidence,3.0695,2.8300,3.2600
kenya,70,S&T 10-65 only,2086.0000,asr_cancer_incidence,2.7907,2.7391,2.8906
kenya,70,S&T 10-65 only,2087.0000,asr_cancer_incidence,2.8357,2.7619,2.8792
kenya,70,S&T 10-65 only,2088.0000,asr_cancer_incidence,2.7727,2.6228,2.9097
kenya,70,S&T 10-65 only,2089.0000,asr_cancer_incidence,2.6759,2.4449,2.9729
kenya,70,S&T 10-65 only,2090.0000,asr_cancer_incidence,2.6403,2.3801,2.7708
kenya,70,S&T 10-65 only,2091.0000,asr_cancer_incidence,2.4814,2.4094,2.6225
kenya,70,S&T 10-65 only,2092.0000,asr_cancer_incidence,2.7068,2.5065,2.8112
kenya,70,S&T 10-65 only,2093.0000,asr_cancer_incidence,2.5076,2.3216,2.7450
kenya,70,S&T 10-65 only,2094.0000,asr_cancer_incidence,2.5921,2.4189,2.7055
kenya,70,S&T 10-65 only,2095.0000,asr_cancer_incidence,2.5504,2.3392,2.6950
kenya,70,S&T 10-65 only,2096.0000,asr_cancer_incidence,2.5013,2.3705,2.7197
kenya,70,S&T 10-65 only,2097.0000,asr_cancer_incidence,2.5413,2.3382,2.7038
kenya,70,S&T 10-65 only,2098.0000,asr_cancer_incidence,2.4453,2.2851,2.6109
kenya,70,S&T 10-65 only,2099.0000,asr_cancer_incidence,2.4549,2.2999,2.5872
kenya,70,S&T 10-65 only,2100.0000,asr_cancer_incidence,2.4995,2.3041,2.5869
kenya,70,S&T 10-65 only,2020.0000,cancers,4679.8433,4551.4215,4846.0364
kenya,70,S&T 10-65 only,2021.0000,cancers,5027.3376,4812.0422,5193.5305
kenya,70,S&T 10-65 only,2022.0000,cancers,4846.0364,4611.8554,5144.4282
kenya,70,S&T 10-65 only,2023.0000,cancers,5068.8858,4819.5966,5337.0610
kenya,70,S&T 10-65 only,2024.0000,cancers,4940.4641,4698.7288,5389.9402
kenya,70,S&T 10-65 only,2025.0000,cancers,5027.3375,4883.8074,5189.7537
kenya,70,S&T 10-65 only,2026.0000,cancers,2519.3348,2353.1418,2640.2025
kenya,70,S&T 10-65 only,2027.0000,cancers,2670.4193,2553.3288,2787.5099
kenya,70,S&T 10-65 only,2028.0000,cancers,2749.7388,2545.7746,2836.6123
kenya,70,S&T 10-65 only,2029.0000,cancers,2753.5158,2640.2024,2923.4858
kenya,70,S&T 10-65 only,2030.0000,cancers,3002.8052,2927.2630,3259.6489
kenya,70,S&T 10-65 only,2031.0000,cancers,3202.9923,3172.7754,3459.8360
kenya,70,S&T 10-65 only,2032.0000,cancers,3588.2578,3384.2938,3807.3303
kenya,70,S&T 10-65 only,2033.0000,cancers,3814.8846,3554.2639,3928.1981
kenya,70,S&T 10-65 only,2034.0000,cancers,4101.9452,4064.1742,4268.1381
kenya,70,S&T 10-65 only,2035.0000,cancers,4347.4575,4098.1679,4759.1628
kenya,70,S&T 10-65 only,2036.0000,cancers,4574.0842,4339.9031,5076.4401
kenya,70,S&T 10-65 only,2037.0000,cancers,4902.6929,4668.5121,5038.6690
kenya,70,S&T 10-65 only,2038.0000,cancers,5099.1027,4902.6931,5314.3984
kenya,70,S&T 10-65 only,2039.0000,cancers,5189.7535,5125.5427,5352.1694
kenya,70,S&T 10-65 only,2040.0000,cancers,5571.2419,5431.4887,5790.3144
kenya,70,S&T 10-65 only,2041.0000,cancers,5797.8687,5718.5495,5858.3029
kenya,70,S&T 10-65 only,2042.0000,cancers,5741.2123,5586.3501,6092.4836
kenya,70,S&T 10-65 only,2043.0000,cancers,5858.3027,5661.8926,6224.6825
kenya,70,S&T 10-65 only,2044.0000,cancers,6050.9354,5948.9534,6334.2192
kenya,70,S&T 10-65 only,2045.0000,cancers,6266.2309,5884.7422,6523.0744
kenya,70,S&T 10-65 only,2046.0000,cancers,6405.9841,5971.6160,6443.7548
kenya,70,S&T 10-65 only,2047.0000,cancers,6266.2310,6111.3691,6337.9958
kenya,70,S&T 10-65 only,2048.0000,cancers,6122.7007,5941.3989,6504.1892
kenya,70,S&T 10-65 only,2049.0000,cancers,6413.5383,6069.8208,6492.8578
kenya,70,S&T 10-65 only,2050.0000,cancers,6228.4597,5933.8448,6364.4357
kenya,70,S&T 10-65 only,2051.0000,cancers,6337.9958,6084.9294,6447.5322
kenya,70,S&T 10-65 only,2052.0000,cancers,5994.2787,5820.5316,6353.1044
kenya,70,S&T 10-65 only,2053.0000,cancers,5858.3024,5692.1096,6107.5919
kenya,70,S&T 10-65 only,2054.0000,cancers,5930.0681,5680.7784,6273.7850
kenya,70,S&T 10-65 only,2055.0000,cancers,5726.1037,5582.5734,6028.2726
kenya,70,S&T 10-65 only,2056.0000,cancers,5763.8746,5541.0249,5869.6342
kenya,70,S&T 10-65 only,2057.0000,cancers,5733.6577,5318.1754,5964.0618
kenya,70,S&T 10-65 only,2058.0000,cancers,5692.1096,5325.7297,5858.3027
kenya,70,S&T 10-65 only,2059.0000,cancers,5590.1276,5242.6332,5820.5315
kenya,70,S&T 10-65 only,2060.0000,cancers,5465.4830,5148.2053,5631.6758
kenya,70,S&T 10-65 only,2061.0000,cancers,5163.3137,4747.8316,5363.5007
kenya,70,S&T 10-65 only,2062.0000,cancers,5110.4341,4823.3737,5272.8502
kenya,70,S&T 10-65 only,2063.0000,cancers,5061.3320,4789.3798,5371.0551
kenya,70,S&T 10-65 only,2064.0000,cancers,4834.7051,4494.7648,5189.7537
kenya,70,S&T 10-65 only,2065.0000,cancers,4880.0305,4328.5721,5136.8742
kenya,70,S&T 10-65 only,2066.0000,cancers,4536.3133,4309.6865,4657.1808
kenya,70,S&T 10-65 only,2067.0000,cancers,4532.5361,4324.7950,4683.6207
kenya,70,S&T 10-65 only,2068.0000,cancers,4407.8914,4151.0478,4657.1808
kenya,70,S&T 10-65 only,2069.0000,cancers,4381.4516,4279.4696,4487.2106
kenya,70,S&T 10-65 only,2070.0000,cancers,4147.2706,3882.8727,4237.9214
kenya,70,S&T 10-65 only,2071.0000,cancers,3996.1861,3901.7583,4173.7104
kenya,70,S&T 10-65 only,2072.0000,cancers,3860.2100,3705.3483,3992.4089
kenya,70,S&T 10-65 only,2073.0000,cancers,3614.6976,3539.1554,3848.8787
kenya,70,S&T 10-65 only,2074.0000,cancers,3474.9445,3429.6191,3671.3544
kenya,70,S&T 10-65 only,2075.0000,cancers,3637.3603,3399.4023,3697.7942
kenya,70,S&T 10-65 only,2076.0000,cancers,3252.0948,3055.6848,3456.0588
kenya,70,S&T 10-65 only,2077.0000,cancers,3255.8719,3048.1307,3497.6071
kenya,70,S&T 10-65 only,2078.0000,cancers,3048.1306,2870.6064,3304.9742
kenya,70,S&T 10-65 only,2079.0000,cancers,3048.1306,2893.2690,3191.6609
kenya,70,S&T 10-65 only,2080.0000,cancers,3036.7993,2863.0520,3138.7812
kenya,70,S&T 10-65 only,2081.0000,cancers,2749.7387,2704.4133,2912.1545
kenya,70,S&T 10-65 only,2082.0000,cancers,2723.2989,2594.8770,2878.1606
kenya,70,S&T 10-65 only,2083.0000,cancers,2791.2868,2572.2143,2810.1725
kenya,70,S&T 10-65 only,2084.0000,cancers,2557.1059,2511.7805,2681.7505
kenya,70,S&T 10-65 only,2085.0000,cancers,2579.7685,2375.8044,2757.2928
kenya,70,S&T 10-65 only,2086.0000,cancers,2390.9128,2315.3705,2470.2322
kenya,70,S&T 10-65 only,2087.0000,cancers,2390.9128,2326.7019,2474.0093
kenya,70,S&T 10-65 only,2088.0000,cancers,2356.9188,2266.2681,2447.5695
kenya,70,S&T 10-65 only,2089.0000,cancers,2266.2680,2073.6353,2451.3465
kenya,70,S&T 10-65 only,2090.0000,cancers,2224.7197,2054.7497,2375.8043
kenya,70,S&T 10-65 only,2091.0000,cancers,2084.9666,1948.9905,2239.8282
kenya,70,S&T 10-65 only,2092.0000,cancers,2258.7137,2202.0571,2356.9186
kenya,70,S&T 10-65 only,2093.0000,cancers,2088.7437,1933.8820,2341.8102
kenya,70,S&T 10-65 only,2094.0000,cancers,2198.2799,2062.3038,2224.7196
kenya,70,S&T 10-65 only,2095.0000,cancers,2122.7377,1967.8761,2262.4908
kenya,70,S&T 10-65 only,2096.0000,cancers,2073.6351,1937.6591,2277.5992
kenya,70,S&T 10-65 only,2097.0000,cancers,2100.0750,1948.9905,2270.0448
kenya,70,S&T 10-65 only,2098.0000,cancers,2066.0810,1948.9905,2186.9485
kenya,70,S&T 10-65 only,2099.0000,cancers,2073.6352,1922.5507,2156.7316
kenya,70,S&T 10-65 only,2100.0000,cancers,2081.1893,1911.2193,2183.1713
